"timestamp","phase","elapsed_sec","query_result","adapterIndex","workgraph_pid","CLK_GFXCLK_supported","CLK_GFXCLK","CLK_MEMCLK_supported","CLK_MEMCLK","CLK_SOCCLK_supported","CLK_SOCCLK","TEMP_EDGE_supported","TEMP_EDGE","TEMP_MEM_supported","TEMP_MEM","ACTIVITY_GFX_supported","ACTIVITY_GFX","ACTIVITY_MEM_supported","ACTIVITY_MEM","GFX_VOLTAGE_supported","GFX_VOLTAGE","ASIC_POWER_supported","ASIC_POWER","TEMP_HOTSPOT_supported","TEMP_HOTSPOT","TEMP_GFX_supported","TEMP_GFX","TEMP_SOC_supported","TEMP_SOC","GFX_POWER_supported","GFX_POWER","GFX_CURRENT_supported","GFX_CURRENT","THROTTLER_STATUS_supported","THROTTLER_STATUS","BUS_SPEED_supported","BUS_SPEED","BUS_LANES_supported","BUS_LANES","THROTTLE_POWER_supported","THROTTLE_POWER","THROTTLE_TDC_supported","THROTTLE_TDC","THROTTLE_VMAX_supported","THROTTLE_VMAX","BUS_CURR_MAX_SPEED_supported","BUS_CURR_MAX_SPEED","BOARD_POWER_supported","BOARD_POWER"
"2026-05-28T21:10:26.0881145+08:00","idle_before","0.001","0","5","0","1","28","1","26","0","0","1","36","1","38","1","1","1","0","1","496","0","0","1","44","0","0","0","0","0","0","0","0","0","0","1","3","1","16","1","0","1","0","1","0","0","0","1","16"
"2026-05-28T21:10:26.2074353+08:00","idle_before","0.131","0","5","0","1","40","1","32","0","0","1","36","1","38","1","1","1","0","1","614","0","0","1","44","0","0","0","0","0","0","0","0","0","0","1","3","1","16","1","0","1","0","1","0","0","0","1","19"
"2026-05-28T21:10:26.3183800+08:00","idle_before","0.241","0","5","0","1","28","1","21","0","0","1","36","1","39","1","1","1","0","1","645","0","0","1","43","0","0","0","0","0","0","0","0","0","0","1","3","1","16","1","0","1","0","1","0","0","0","1","19"
"2026-05-28T21:10:26.4284499+08:00","idle_before","0.351","0","5","0","1","0","1","12","0","0","1","36","1","39","1","0","1","0","1","60","0","0","1","43","0","0","0","0","0","0","0","0","0","0","1","3","1","16","1","0","1","0","1","0","0","0","1","10"
"2026-05-28T21:10:26.5376835+08:00","idle_before","0.461","0","5","0","1","15","1","26","0","0","1","36","1","39","1","1","1","0","1","290","0","0","1","44","0","0","0","0","0","0","0","0","0","0","1","3","1","16","1","0","1","0","1","0","0","0","1","14"
"2026-05-28T21:10:26.6467474+08:00","idle_before","0.57","0","5","0","1","54","1","41","0","0","1","36","1","39","1","2","1","0","1","688","0","0","1","44","0","0","0","0","0","0","0","0","0","0","1","3","1","16","1","0","1","0","1","0","0","0","1","21"
"2026-05-28T21:10:26.7701844+08:00","idle_before","0.693","0","5","0","1","5","1","18","0","0","1","36","1","38","1","0","1","0","1","240","0","0","1","44","0","0","0","0","0","0","0","0","0","0","1","3","1","16","1","0","1","0","1","0","0","0","1","10"
"2026-05-28T21:10:26.8808449+08:00","idle_before","0.804","0","5","0","1","0","1","12","0","0","1","36","1","38","1","0","1","0","1","60","0","0","1","43","0","0","0","0","0","0","0","0","0","0","1","3","1","16","1","0","1","0","1","0","0","0","1","8"
"2026-05-28T21:10:26.9899055+08:00","idle_before","0.913","0","5","0","1","6","1","25","0","0","1","36","1","38","1","0","1","0","1","230","0","0","1","43","0","0","0","0","0","0","0","0","0","0","1","3","1","16","1","0","1","0","1","0","0","0","1","11"
"2026-05-28T21:10:27.0973844+08:00","idle_before","1.021","0","5","0","1","67","1","54","0","0","1","36","1","38","1","3","1","0","1","689","0","0","1","44","0","0","0","0","0","0","0","0","0","0","1","3","1","16","1","0","1","0","1","0","0","0","1","21"
"2026-05-28T21:10:27.2223859+08:00","idle_before","1.145","0","5","0","1","42","1","30","0","0","1","36","1","38","1","1","1","0","1","691","0","0","1","44","0","0","0","0","0","0","0","0","0","0","1","3","1","16","1","0","1","0","1","0","0","0","1","20"
"2026-05-28T21:10:27.3484000+08:00","idle_before","1.271","0","5","0","1","16","1","19","0","0","1","36","1","38","1","0","1","0","1","477","0","0","1","43","0","0","0","0","0","0","0","0","0","0","1","3","1","16","1","0","1","0","1","0","0","0","1","15"
"2026-05-28T21:10:27.4583942+08:00","idle_before","1.381","0","5","0","1","0","1","13","0","0","1","36","1","38","1","0","1","0","1","60","0","0","1","43","0","0","0","0","0","0","0","0","0","0","1","3","1","16","1","0","1","0","1","0","0","0","1","8"
"2026-05-28T21:10:27.5685798+08:00","idle_before","1.491","0","5","0","1","25","1","34","0","0","1","36","1","38","1","1","1","0","1","453","0","0","1","43","0","0","0","0","0","0","0","0","0","0","1","3","1","16","1","0","1","0","1","0","0","0","1","16"
"2026-05-28T21:10:27.6770650+08:00","idle_before","1.6","0","5","0","1","39","1","36","0","0","1","36","1","39","1","1","1","0","1","689","0","0","1","44","0","0","0","0","0","0","0","0","0","0","1","3","1","16","1","0","1","0","1","0","0","0","1","21"
"2026-05-28T21:10:27.8012304+08:00","idle_before","1.724","0","5","0","1","9","1","14","0","0","1","36","1","38","1","0","1","0","1","318","0","0","1","44","0","0","0","0","0","0","0","0","0","0","1","3","1","16","1","0","1","0","1","0","0","0","1","11"
"2026-05-28T21:10:27.9124007+08:00","idle_before","1.835","0","5","0","1","0","1","11","0","0","1","36","1","39","1","0","1","0","1","60","0","0","1","44","0","0","0","0","0","0","0","0","0","0","1","3","1","16","1","0","1","0","1","0","0","0","1","5"
"2026-05-28T21:10:28.0218439+08:00","idle_before","1.944","0","5","0","1","7","1","21","0","0","1","36","1","38","1","0","1","0","1","193","0","0","1","44","0","0","0","0","0","0","0","0","0","0","1","3","1","16","1","0","1","0","1","0","0","0","1","8"
"2026-05-28T21:10:28.1303896+08:00","idle_before","2.053","0","5","0","1","49","1","44","0","0","1","36","1","38","1","2","1","0","1","686","0","0","1","44","0","0","0","0","0","0","0","0","0","0","1","3","1","16","1","0","1","0","1","0","0","0","1","21"
"2026-05-28T21:10:28.2544052+08:00","idle_before","2.177","0","5","0","1","9","1","15","0","0","1","36","1","38","1","0","1","0","1","305","0","0","1","44","0","0","0","0","0","0","0","0","0","0","1","3","1","16","1","0","1","0","1","0","0","0","1","13"
"2026-05-28T21:10:28.3867098+08:00","during_workgraph","2.309","0","5","32836","1","0","1","13","0","0","1","36","1","38","1","0","1","0","1","60","0","0","1","43","0","0","0","0","0","0","0","0","0","0","1","3","1","16","1","0","1","0","1","0","0","0","1","9"
"2026-05-28T21:10:28.4552761+08:00","during_workgraph","2.378","0","5","32836","1","47","1","54","0","0","1","36","1","38","1","6","1","0","1","322","0","0","1","43","0","0","0","0","0","0","0","0","0","0","1","3","1","16","1","0","1","0","1","0","0","0","1","15"
"2026-05-28T21:10:28.5319244+08:00","during_workgraph","2.456","0","5","32836","1","1448","1","129","0","0","1","36","1","39","1","19","1","0","1","703","0","0","1","44","0","0","0","0","0","0","0","0","0","0","1","3","1","16","1","0","1","0","1","0","0","0","1","26"
"2026-05-28T21:10:28.5925624+08:00","during_workgraph","2.516","0","5","32836","1","1553","1","190","0","0","1","36","1","38","1","55","1","4","1","720","0","0","1","44","0","0","0","0","0","0","0","0","0","0","1","3","1","16","1","0","1","0","1","0","0","0","1","37"
"2026-05-28T21:10:28.6535624+08:00","during_workgraph","2.577","0","5","32836","1","1495","1","185","0","0","1","36","1","40","1","46","1","4","1","712","0","0","1","44","0","0","0","0","0","0","0","0","0","0","1","3","1","16","1","0","1","0","1","0","0","0","1","36"
"2026-05-28T21:10:28.7155645+08:00","during_workgraph","2.639","0","5","32836","1","1492","1","179","0","0","1","36","1","40","1","44","1","4","1","708","0","0","1","44","0","0","0","0","0","0","0","0","0","0","1","3","1","16","1","0","1","0","1","0","0","0","1","34"
"2026-05-28T21:10:28.7790697+08:00","during_workgraph","2.703","0","5","32836","1","1512","1","189","0","0","1","36","1","40","1","46","1","4","1","711","0","0","1","44","0","0","0","0","0","0","0","0","0","0","1","3","1","16","1","0","1","0","1","0","0","0","1","35"
"2026-05-28T21:10:28.8421638+08:00","during_workgraph","2.766","0","5","32836","1","1498","1","183","0","0","1","36","1","40","1","45","1","4","1","712","0","0","1","44","0","0","0","0","0","0","0","0","0","0","1","3","1","16","1","0","1","0","1","0","0","0","1","35"
"2026-05-28T21:10:28.9061683+08:00","during_workgraph","2.83","0","5","32836","1","1488","1","176","0","0","1","36","1","40","1","45","1","4","1","710","0","0","1","44","0","0","0","0","0","0","0","0","0","0","1","3","1","16","1","0","1","0","1","0","0","0","1","35"
"2026-05-28T21:10:28.9701694+08:00","during_workgraph","2.894","0","5","32836","1","1497","1","187","0","0","1","36","1","40","1","43","1","4","1","711","0","0","1","44","0","0","0","0","0","0","0","0","0","0","1","3","1","16","1","0","1","0","1","0","0","0","1","34"
"2026-05-28T21:10:29.0331682+08:00","during_workgraph","2.957","0","5","32836","1","1495","1","180","0","0","1","36","1","40","1","46","1","4","1","713","0","0","1","44","0","0","0","0","0","0","0","0","0","0","1","3","1","16","1","0","1","0","1","0","0","0","1","36"
"2026-05-28T21:10:29.0961677+08:00","during_workgraph","3.02","0","5","32836","1","1494","1","179","0","0","1","36","1","40","1","48","1","4","1","710","0","0","1","44","0","0","0","0","0","0","0","0","0","0","1","3","1","16","1","0","1","0","1","0","0","0","1","35"
"2026-05-28T21:10:29.1596838+08:00","during_workgraph","3.083","0","5","32836","1","1481","1","172","0","0","1","36","1","40","1","43","1","3","1","710","0","0","1","44","0","0","0","0","0","0","0","0","0","0","1","3","1","16","1","0","1","0","1","0","0","0","1","35"
"2026-05-28T21:10:29.2236834+08:00","during_workgraph","3.147","0","5","32836","1","1492","1","178","0","0","1","36","1","40","1","43","1","4","1","711","0","0","1","44","0","0","0","0","0","0","0","0","0","0","1","3","1","16","1","0","1","0","1","0","0","0","1","35"
"2026-05-28T21:10:29.2876829+08:00","during_workgraph","3.211","0","5","32836","1","1518","1","183","0","0","1","36","1","40","1","47","1","4","1","713","0","0","1","44","0","0","0","0","0","0","0","0","0","0","1","3","1","16","1","0","1","0","1","0","0","0","1","36"
"2026-05-28T21:10:29.3516859+08:00","during_workgraph","3.275","0","5","32836","1","1499","1","179","0","0","1","36","1","38","1","44","1","4","1","711","0","0","1","45","0","0","0","0","0","0","0","0","0","0","1","3","1","16","1","0","1","0","1","0","0","0","1","36"
"2026-05-28T21:10:29.4136843+08:00","during_workgraph","3.337","0","5","32836","1","1500","1","176","0","0","1","37","1","40","1","42","1","3","1","709","0","0","1","45","0","0","0","0","0","0","0","0","0","0","1","3","1","16","1","0","1","0","1","0","0","0","1","33"
"2026-05-28T21:10:29.4761901+08:00","during_workgraph","3.399","0","5","32836","1","1506","1","184","0","0","1","36","1","40","1","46","1","4","1","712","0","0","1","45","0","0","0","0","0","0","0","0","0","0","1","3","1","16","1","0","1","0","1","0","0","0","1","36"
"2026-05-28T21:10:29.5377594+08:00","during_workgraph","3.462","0","5","32836","1","1479","1","165","0","0","1","36","1","40","1","39","1","3","1","708","0","0","1","44","0","0","0","0","0","0","0","0","0","0","1","3","1","16","1","0","1","0","1","0","0","0","1","34"
"2026-05-28T21:10:29.6017593+08:00","during_workgraph","3.526","0","5","32836","1","1498","1","176","0","0","1","36","1","40","1","44","1","4","1","711","0","0","1","45","0","0","0","0","0","0","0","0","0","0","1","3","1","16","1","0","1","0","1","0","0","0","1","35"
"2026-05-28T21:10:29.6646717+08:00","during_workgraph","3.588","0","5","32836","1","1487","1","164","0","0","1","36","1","40","1","40","1","4","1","708","0","0","1","45","0","0","0","0","0","0","0","0","0","0","1","3","1","16","1","0","1","0","1","0","0","0","1","35"
"2026-05-28T21:10:29.7256755+08:00","during_workgraph","3.649","0","5","32836","1","1474","1","163","0","0","1","36","1","40","1","37","1","4","1","707","0","0","1","45","0","0","0","0","0","0","0","0","0","0","1","3","1","16","1","0","1","0","1","0","0","0","1","34"
"2026-05-28T21:10:29.7891849+08:00","during_workgraph","3.713","0","5","32836","1","1478","1","166","0","0","1","36","1","40","1","38","1","4","1","705","0","0","1","45","0","0","0","0","0","0","0","0","0","0","1","3","1","16","1","0","1","0","1","0","0","0","1","33"
"2026-05-28T21:10:29.8519888+08:00","during_workgraph","3.776","0","5","32836","1","1471","1","163","0","0","1","36","1","40","1","35","1","4","1","703","0","0","1","45","0","0","0","0","0","0","0","0","0","0","1","3","1","16","1","0","1","0","1","0","0","0","1","33"
"2026-05-28T21:10:29.9159878+08:00","during_workgraph","3.84","0","5","32836","1","1473","1","156","0","0","1","36","1","38","1","35","1","3","1","705","0","0","1","45","0","0","0","0","0","0","0","0","0","0","1","3","1","16","1","0","1","0","1","0","0","0","1","33"
"2026-05-28T21:10:29.9808089+08:00","during_workgraph","3.904","0","5","32836","1","1475","1","163","0","0","1","36","1","40","1","36","1","4","1","706","0","0","1","45","0","0","0","0","0","0","0","0","0","0","1","3","1","16","1","0","1","0","1","0","0","0","1","33"
"2026-05-28T21:10:30.0428090+08:00","during_workgraph","3.967","0","5","32836","1","1484","1","169","0","0","1","36","1","40","1","40","1","4","1","709","0","0","1","45","0","0","0","0","0","0","0","0","0","0","1","3","1","16","1","0","1","0","1","0","0","0","1","34"
"2026-05-28T21:10:30.1068108+08:00","during_workgraph","4.03","0","5","32836","1","1491","1","176","0","0","1","37","1","40","1","42","1","3","1","707","0","0","1","45","0","0","0","0","0","0","0","0","0","0","1","3","1","16","1","0","1","0","1","0","0","0","1","36"
"2026-05-28T21:10:30.1698102+08:00","during_workgraph","4.094","0","5","32836","1","1478","1","173","0","0","1","36","1","40","1","39","1","4","1","709","0","0","1","45","0","0","0","0","0","0","0","0","0","0","1","3","1","16","1","0","1","0","1","0","0","0","1","35"
"2026-05-28T21:10:30.2337712+08:00","during_workgraph","4.157","0","5","32836","1","1482","1","166","0","0","1","36","1","40","1","37","1","4","1","706","0","0","1","45","0","0","0","0","0","0","0","0","0","0","1","3","1","16","1","0","1","0","1","0","0","0","1","32"
"2026-05-28T21:10:30.2967715+08:00","during_workgraph","4.22","0","5","32836","1","1480","1","168","0","0","1","36","1","40","1","37","1","4","1","704","0","0","1","44","0","0","0","0","0","0","0","0","0","0","1","3","1","16","1","0","1","0","1","0","0","0","1","33"
"2026-05-28T21:10:30.3607708+08:00","during_workgraph","4.284","0","5","32836","1","1479","1","166","0","0","1","36","1","40","1","37","1","4","1","706","0","0","1","45","0","0","0","0","0","0","0","0","0","0","1","3","1","16","1","0","1","0","1","0","0","0","1","33"
"2026-05-28T21:10:30.4247723+08:00","during_workgraph","4.349","0","5","32836","1","1465","1","161","0","0","1","36","1","38","1","36","1","4","1","707","0","0","1","45","0","0","0","0","0","0","0","0","0","0","1","3","1","16","1","0","1","0","1","0","0","0","1","32"
"2026-05-28T21:10:30.5016627+08:00","during_workgraph","4.426","0","5","32836","1","1477","1","164","0","0","1","36","1","40","1","36","1","4","1","706","0","0","1","45","0","0","0","0","0","0","0","0","0","0","1","3","1","16","1","0","1","0","1","0","0","0","1","33"
"2026-05-28T21:10:30.5796623+08:00","during_workgraph","4.503","0","5","32836","1","1496","1","183","0","0","1","37","1","40","1","44","1","4","1","710","0","0","1","45","0","0","0","0","0","0","0","0","0","0","1","3","1","16","1","0","1","0","1","0","0","0","1","35"
"2026-05-28T21:10:30.6416625+08:00","during_workgraph","4.565","0","5","32836","1","1494","1","173","0","0","1","36","1","40","1","43","1","4","1","710","0","0","1","44","0","0","0","0","0","0","0","0","0","0","1","3","1","16","1","0","1","0","1","0","0","0","1","35"
"2026-05-28T21:10:30.7046628+08:00","during_workgraph","4.629","0","5","32836","1","1475","1","164","0","0","1","36","1","40","1","37","1","4","1","706","0","0","1","45","0","0","0","0","0","0","0","0","0","0","1","3","1","16","1","0","1","0","1","0","0","0","1","33"
"2026-05-28T21:10:30.7679126+08:00","during_workgraph","4.692","0","5","32836","1","1478","1","179","0","0","1","36","1","40","1","37","1","4","1","703","0","0","1","45","0","0","0","0","0","0","0","0","0","0","1","3","1","16","1","0","1","0","1","0","0","0","1","33"
"2026-05-28T21:10:30.8319124+08:00","during_workgraph","4.756","0","5","32836","1","1472","1","166","0","0","1","36","1","40","1","37","1","4","1","708","0","0","1","45","0","0","0","0","0","0","0","0","0","0","1","3","1","16","1","0","1","0","1","0","0","0","1","34"
"2026-05-28T21:10:30.8949144+08:00","during_workgraph","4.819","0","5","32836","1","1479","1","171","0","0","1","36","1","40","1","37","1","4","1","707","0","0","1","45","0","0","0","0","0","0","0","0","0","0","1","3","1","16","1","0","1","0","1","0","0","0","1","33"
"2026-05-28T21:10:30.9569126+08:00","during_workgraph","4.881","0","5","32836","1","1481","1","170","0","0","1","36","1","40","1","37","1","4","1","706","0","0","1","45","0","0","0","0","0","0","0","0","0","0","1","3","1","16","1","0","1","0","1","0","0","0","1","33"
"2026-05-28T21:10:31.0209120+08:00","during_workgraph","4.945","0","5","32836","1","1486","1","174","0","0","1","36","1","40","1","39","1","4","1","708","0","0","1","45","0","0","0","0","0","0","0","0","0","0","1","3","1","16","1","0","1","0","1","0","0","0","1","34"
"2026-05-28T21:10:31.0839143+08:00","during_workgraph","5.008","0","5","32836","1","1511","1","171","0","0","1","36","1","39","1","44","1","4","1","712","0","0","1","45","0","0","0","0","0","0","0","0","0","0","1","3","1","16","1","0","1","0","1","0","0","0","1","34"
"2026-05-28T21:10:31.1479153+08:00","during_workgraph","5.071","0","5","32836","1","1483","1","177","0","0","1","36","1","38","1","42","1","4","1","708","0","0","1","45","0","0","0","0","0","0","0","0","0","0","1","3","1","16","1","0","1","0","1","0","0","0","1","34"
"2026-05-28T21:10:31.2090387+08:00","during_workgraph","5.134","0","5","32836","1","1473","1","163","0","0","1","36","1","39","1","37","1","4","1","706","0","0","1","45","0","0","0","0","0","0","0","0","0","0","1","3","1","16","1","0","1","0","1","0","0","0","1","33"
"2026-05-28T21:10:31.2730406+08:00","during_workgraph","5.197","0","5","32836","1","1479","1","172","0","0","1","36","1","40","1","38","1","4","1","707","0","0","1","45","0","0","0","0","0","0","0","0","0","0","1","3","1","16","1","0","1","0","1","0","0","0","1","34"
"2026-05-28T21:10:31.3355542+08:00","during_workgraph","5.259","0","5","32836","1","1481","1","172","0","0","1","36","1","40","1","37","1","4","1","707","0","0","1","45","0","0","0","0","0","0","0","0","0","0","1","3","1","16","1","0","1","0","1","0","0","0","1","34"
"2026-05-28T21:10:31.3965516+08:00","during_workgraph","5.321","0","5","32836","1","1472","1","163","0","0","1","36","1","40","1","35","1","4","1","705","0","0","1","45","0","0","0","0","0","0","0","0","0","0","1","3","1","16","1","0","1","0","1","0","0","0","1","33"
"2026-05-28T21:10:31.4595541+08:00","during_workgraph","5.383","0","5","32836","1","1464","1","153","0","0","1","36","1","40","1","31","1","3","1","702","0","0","1","45","0","0","0","0","0","0","0","0","0","0","1","3","1","16","1","0","1","0","1","0","0","0","1","31"
"2026-05-28T21:10:31.5231219+08:00","during_workgraph","5.447","0","5","32836","1","1495","1","155","0","0","1","36","1","39","1","39","1","3","1","707","0","0","1","45","0","0","0","0","0","0","0","0","0","0","1","3","1","16","1","0","1","0","1","0","0","0","1","32"
"2026-05-28T21:10:31.5871324+08:00","during_workgraph","5.511","0","5","32836","1","1482","1","166","0","0","1","37","1","38","1","38","1","3","1","707","0","0","1","45","0","0","0","0","0","0","0","0","0","0","1","3","1","16","1","0","1","0","1","0","0","0","1","32"
"2026-05-28T21:10:31.6511344+08:00","during_workgraph","5.575","0","5","32836","1","1478","1","165","0","0","1","36","1","38","1","37","1","3","1","703","0","0","1","45","0","0","0","0","0","0","0","0","0","0","1","3","1","16","1","0","1","0","1","0","0","0","1","33"
"2026-05-28T21:10:31.7151329+08:00","during_workgraph","5.639","0","5","32836","1","1464","1","143","0","0","1","36","1","39","1","32","1","3","1","703","0","0","1","45","0","0","0","0","0","0","0","0","0","0","1","3","1","16","1","0","1","0","1","0","0","0","1","29"
"2026-05-28T21:10:31.7757609+08:00","during_workgraph","5.7","0","5","32836","1","1452","1","149","0","0","1","36","1","40","1","31","1","3","1","703","0","0","1","45","0","0","0","0","0","0","0","0","0","0","1","3","1","16","1","0","1","0","1","0","0","0","1","31"
"2026-05-28T21:10:31.8397694+08:00","during_workgraph","5.764","0","5","32836","1","1471","1","147","0","0","1","36","1","40","1","32","1","3","1","705","0","0","1","45","0","0","0","0","0","0","0","0","0","0","1","3","1","16","1","0","1","0","1","0","0","0","1","32"
"2026-05-28T21:10:31.9003987+08:00","during_workgraph","5.824","0","5","32836","1","1463","1","148","0","0","1","36","1","40","1","30","1","3","1","700","0","0","1","44","0","0","0","0","0","0","0","0","0","0","1","3","1","16","1","0","1","0","1","0","0","0","1","30"
"2026-05-28T21:10:31.9633993+08:00","during_workgraph","5.887","0","5","32836","1","1470","1","146","0","0","1","36","1","42","1","32","1","3","1","704","0","0","1","45","0","0","0","0","0","0","0","0","0","0","1","3","1","16","1","0","1","0","1","0","0","0","1","30"
"2026-05-28T21:10:32.0243977+08:00","during_workgraph","5.949","0","5","32836","1","1492","1","158","0","0","1","36","1","40","1","37","1","3","1","708","0","0","1","44","0","0","0","0","0","0","0","0","0","0","1","3","1","16","1","0","1","0","1","0","0","0","1","34"
"2026-05-28T21:10:32.0893979+08:00","during_workgraph","6.013","0","5","32836","1","1476","1","167","0","0","1","37","1","38","1","37","1","3","1","709","0","0","1","45","0","0","0","0","0","0","0","0","0","0","1","3","1","16","1","0","1","0","1","0","0","0","1","32"
"2026-05-28T21:10:32.1533990+08:00","during_workgraph","6.077","0","5","32836","1","1472","1","152","0","0","1","36","1","40","1","35","1","3","1","702","0","0","1","45","0","0","0","0","0","0","0","0","0","0","1","3","1","16","1","0","1","0","1","0","0","0","1","31"
"2026-05-28T21:10:32.2173980+08:00","during_workgraph","6.141","0","5","32836","1","1468","1","147","0","0","1","36","1","40","1","33","1","3","1","705","0","0","1","44","0","0","0","0","0","0","0","0","0","0","1","3","1","16","1","0","1","0","1","0","0","0","1","30"
"2026-05-28T21:10:32.2793979+08:00","during_workgraph","6.203","0","5","32836","1","1464","1","158","0","0","1","36","1","40","1","34","1","4","1","707","0","0","1","45","0","0","0","0","0","0","0","0","0","0","1","3","1","16","1","0","1","0","1","0","0","0","1","33"
"2026-05-28T21:10:32.3413979+08:00","during_workgraph","6.265","0","5","32836","1","1469","1","147","0","0","1","37","1","40","1","34","1","3","1","706","0","0","1","45","0","0","0","0","0","0","0","0","0","0","1","3","1","16","1","0","1","0","1","0","0","0","1","33"
"2026-05-28T21:10:32.4053980+08:00","during_workgraph","6.329","0","5","32836","1","1460","1","146","0","0","1","37","1","40","1","33","1","3","1","705","0","0","1","45","0","0","0","0","0","0","0","0","0","0","1","3","1","16","1","0","1","0","1","0","0","0","1","32"
"2026-05-28T21:10:32.4674003+08:00","during_workgraph","6.391","0","5","32836","1","1467","1","147","0","0","1","37","1","40","1","30","1","3","1","702","0","0","1","45","0","0","0","0","0","0","0","0","0","0","1","3","1","16","1","0","1","0","1","0","0","0","1","31"
"2026-05-28T21:10:32.5299676+08:00","during_workgraph","6.454","0","5","32836","1","1483","1","157","0","0","1","37","1","40","1","39","1","3","1","706","0","0","1","45","0","0","0","0","0","0","0","0","0","0","1","3","1","16","1","0","1","0","1","0","0","0","1","34"
"2026-05-28T21:10:32.5901337+08:00","during_workgraph","6.514","0","5","32836","1","1481","1","164","0","0","1","36","1","40","1","38","1","3","1","708","0","0","1","45","0","0","0","0","0","0","0","0","0","0","1","3","1","16","1","0","1","0","1","0","0","0","1","32"
"2026-05-28T21:10:32.6539670+08:00","during_workgraph","6.578","0","5","32836","1","1471","1","150","0","0","1","37","1","40","1","37","1","3","1","706","0","0","1","45","0","0","0","0","0","0","0","0","0","0","1","3","1","16","1","0","1","0","1","0","0","0","1","33"
"2026-05-28T21:10:32.7169682+08:00","during_workgraph","6.641","0","5","32836","1","1449","1","141","0","0","1","37","1","40","1","31","1","3","1","700","0","0","1","45","0","0","0","0","0","0","0","0","0","0","1","3","1","16","1","0","1","0","1","0","0","0","1","29"
"2026-05-28T21:10:32.7794403+08:00","during_workgraph","6.703","0","5","32836","1","1453","1","123","0","0","1","37","1","38","1","31","1","4","1","705","0","0","1","45","0","0","0","0","0","0","0","0","0","0","1","3","1","16","1","0","1","0","1","0","0","0","1","34"
"2026-05-28T21:10:32.8426408+08:00","during_workgraph","6.765","0","5","32836","1","1466","1","143","0","0","1","37","1","39","1","31","1","3","1","700","0","0","1","45","0","0","0","0","0","0","0","0","0","0","1","3","1","16","1","0","1","0","1","0","0","0","1","32"
"2026-05-28T21:10:32.9056400+08:00","during_workgraph","6.829","0","5","32836","1","1457","1","142","0","0","1","37","1","39","1","32","1","3","1","702","0","0","1","44","0","0","0","0","0","0","0","0","0","0","1","3","1","16","1","0","1","0","1","0","0","0","1","30"
"2026-05-28T21:10:32.9666419+08:00","during_workgraph","6.89","0","5","32836","1","1464","1","150","0","0","1","36","1","40","1","31","1","3","1","704","0","0","1","44","0","0","0","0","0","0","0","0","0","0","1","3","1","16","1","0","1","0","1","0","0","0","1","31"
"2026-05-28T21:10:33.0296399+08:00","during_workgraph","6.953","0","5","32836","1","1478","1","160","0","0","1","36","1","41","1","38","1","3","1","708","0","0","1","45","0","0","0","0","0","0","0","0","0","0","1","3","1","16","1","0","1","0","1","0","0","0","1","34"
"2026-05-28T21:10:33.0946410+08:00","during_workgraph","7.017","0","5","32836","1","1493","1","175","0","0","1","37","1","40","1","40","1","3","1","708","0","0","1","45","0","0","0","0","0","0","0","0","0","0","1","3","1","16","1","0","1","0","1","0","0","0","1","33"
"2026-05-28T21:10:33.1567097+08:00","during_workgraph","7.081","0","5","32836","1","1475","1","154","0","0","1","37","1","39","1","37","1","3","1","704","0","0","1","45","0","0","0","0","0","0","0","0","0","0","1","3","1","16","1","0","1","0","1","0","0","0","1","31"
"2026-05-28T21:10:33.2197140+08:00","during_workgraph","7.143","0","5","32836","1","1458","1","148","0","0","1","36","1","39","1","31","1","3","1","702","0","0","1","45","0","0","0","0","0","0","0","0","0","0","1","3","1","16","1","0","1","0","1","0","0","0","1","30"
"2026-05-28T21:10:33.2847158+08:00","during_workgraph","7.207","0","5","32836","1","1457","1","146","0","0","1","36","1","40","1","32","1","3","1","703","0","0","1","45","0","0","0","0","0","0","0","0","0","0","1","3","1","16","1","0","1","0","1","0","0","0","1","32"
"2026-05-28T21:10:33.3617141+08:00","during_workgraph","7.285","0","5","32836","1","1446","1","149","0","0","1","36","1","40","1","30","1","3","1","700","0","0","1","45","0","0","0","0","0","0","0","0","0","0","1","3","1","16","1","0","1","0","1","0","0","0","1","31"
"2026-05-28T21:10:33.4247146+08:00","during_workgraph","7.347","0","5","32836","1","1471","1","148","0","0","1","36","1","40","1","32","1","3","1","704","0","0","1","45","0","0","0","0","0","0","0","0","0","0","1","3","1","16","1","0","1","0","1","0","0","0","1","30"
"2026-05-28T21:10:33.5008804+08:00","during_workgraph","7.425","0","5","32836","1","1463","1","144","0","0","1","36","1","40","1","31","1","3","1","702","0","0","1","45","0","0","0","0","0","0","0","0","0","0","1","3","1","16","1","0","1","0","1","0","0","0","1","31"
"2026-05-28T21:10:33.5778817+08:00","during_workgraph","7.502","0","5","32836","1","1497","1","163","0","0","1","36","1","40","1","41","1","3","1","708","0","0","1","45","0","0","0","0","0","0","0","0","0","0","1","3","1","16","1","0","1","0","1","0","0","0","1","34"
"2026-05-28T21:10:33.6418807+08:00","during_workgraph","7.566","0","5","32836","1","1481","1","162","0","0","1","36","1","40","1","39","1","3","1","707","0","0","1","45","0","0","0","0","0","0","0","0","0","0","1","3","1","16","1","0","1","0","1","0","0","0","1","33"
"2026-05-28T21:10:33.7048848+08:00","during_workgraph","7.628","0","5","32836","1","1446","1","145","0","0","1","36","1","40","1","30","1","3","1","701","0","0","1","45","0","0","0","0","0","0","0","0","0","0","1","3","1","16","1","0","1","0","1","0","0","0","1","30"
"2026-05-28T21:10:33.7657103+08:00","during_workgraph","7.689","0","5","32836","1","1438","1","130","0","0","1","36","1","40","1","30","1","3","1","703","0","0","1","44","0","0","0","0","0","0","0","0","0","0","1","3","1","16","1","0","1","0","1","0","0","0","1","32"
"2026-05-28T21:10:33.8297094+08:00","during_workgraph","7.753","0","5","32836","1","1465","1","147","0","0","1","36","1","40","1","31","1","3","1","703","0","0","1","45","0","0","0","0","0","0","0","0","0","0","1","3","1","16","1","0","1","0","1","0","0","0","1","30"
"2026-05-28T21:10:33.8917108+08:00","during_workgraph","7.815","0","5","32836","1","1462","1","139","0","0","1","36","1","40","1","30","1","3","1","702","0","0","1","45","0","0","0","0","0","0","0","0","0","0","1","3","1","16","1","0","1","0","1","0","0","0","1","31"
"2026-05-28T21:10:33.9557105+08:00","during_workgraph","7.879","0","5","32836","1","1461","1","143","0","0","1","36","1","40","1","33","1","3","1","702","0","0","1","45","0","0","0","0","0","0","0","0","0","0","1","3","1","16","1","0","1","0","1","0","0","0","1","31"
"2026-05-28T21:10:34.0187090+08:00","during_workgraph","7.943","0","5","32836","1","1467","1","142","0","0","1","36","1","40","1","32","1","3","1","702","0","0","1","45","0","0","0","0","0","0","0","0","0","0","1","3","1","16","1","0","1","0","1","0","0","0","1","30"
"2026-05-28T21:10:34.0837105+08:00","during_workgraph","8.007","0","5","32836","1","1491","1","163","0","0","1","36","1","40","1","40","1","4","1","707","0","0","1","45","0","0","0","0","0","0","0","0","0","0","1","3","1","16","1","0","1","0","1","0","0","0","1","33"
"2026-05-28T21:10:34.1457119+08:00","during_workgraph","8.069","0","5","32836","1","1488","1","167","0","0","1","36","1","40","1","41","1","3","1","708","0","0","1","45","0","0","0","0","0","0","0","0","0","0","1","3","1","16","1","0","1","0","1","0","0","0","1","34"
"2026-05-28T21:10:34.2077093+08:00","during_workgraph","8.132","0","5","32836","1","1451","1","137","0","0","1","36","1","40","1","31","1","3","1","703","0","0","1","45","0","0","0","0","0","0","0","0","0","0","1","3","1","16","1","0","1","0","1","0","0","0","1","31"
"2026-05-28T21:10:34.2727090+08:00","during_workgraph","8.195","0","5","32836","1","1469","1","143","0","0","1","36","1","38","1","32","1","3","1","702","0","0","1","45","0","0","0","0","0","0","0","0","0","0","1","3","1","16","1","0","1","0","1","0","0","0","1","32"
"2026-05-28T21:10:34.3357104+08:00","during_workgraph","8.259","0","5","32836","1","1457","1","146","0","0","1","36","1","38","1","32","1","3","1","704","0","0","1","45","0","0","0","0","0","0","0","0","0","0","1","3","1","16","1","0","1","0","1","0","0","0","1","31"
"2026-05-28T21:10:34.3997101+08:00","during_workgraph","8.322","0","5","32836","1","1462","1","135","0","0","1","36","1","40","1","30","1","3","1","701","0","0","1","45","0","0","0","0","0","0","0","0","0","0","1","3","1","16","1","0","1","0","1","0","0","0","1","31"
"2026-05-28T21:10:34.4617109+08:00","during_workgraph","8.385","0","5","32836","1","1442","1","141","0","0","1","36","1","40","1","28","1","3","1","700","0","0","1","45","0","0","0","0","0","0","0","0","0","0","1","3","1","16","1","0","1","0","1","0","0","0","1","31"
"2026-05-28T21:10:34.5247123+08:00","during_workgraph","8.448","0","5","32836","1","1490","1","151","0","0","1","36","1","40","1","38","1","3","1","708","0","0","1","45","0","0","0","0","0","0","0","0","0","0","1","3","1","16","1","0","1","0","1","0","0","0","1","33"
"2026-05-28T21:10:34.5877112+08:00","during_workgraph","8.511","0","5","32836","1","1477","1","165","0","0","1","36","1","40","1","37","1","3","1","705","0","0","1","45","0","0","0","0","0","0","0","0","0","0","1","3","1","16","1","0","1","0","1","0","0","0","1","33"
"2026-05-28T21:10:34.6497110+08:00","during_workgraph","8.573","0","5","32836","1","1467","1","155","0","0","1","36","1","40","1","35","1","3","1","705","0","0","1","45","0","0","0","0","0","0","0","0","0","0","1","3","1","16","1","0","1","0","1","0","0","0","1","32"
"2026-05-28T21:10:34.7137112+08:00","during_workgraph","8.637","0","5","32836","1","1471","1","152","0","0","1","37","1","41","1","37","1","4","1","707","0","0","1","45","0","0","0","0","0","0","0","0","0","0","1","3","1","16","1","0","1","0","1","0","0","0","1","32"
"2026-05-28T21:10:34.7773084+08:00","during_workgraph","8.701","0","5","32836","1","1467","1","139","0","0","1","36","1","40","1","31","1","3","1","702","0","0","1","45","0","0","0","0","0","0","0","0","0","0","1","3","1","16","1","0","1","0","1","0","0","0","1","31"
"2026-05-28T21:10:34.8413107+08:00","during_workgraph","8.765","0","5","32836","1","1468","1","151","0","0","1","36","1","40","1","34","1","3","1","704","0","0","1","44","0","0","0","0","0","0","0","0","0","0","1","3","1","16","1","0","1","0","1","0","0","0","1","32"
"2026-05-28T21:10:34.9043087+08:00","during_workgraph","8.829","0","5","32836","1","1462","1","151","0","0","1","36","1","40","1","34","1","4","1","705","0","0","1","44","0","0","0","0","0","0","0","0","0","0","1","3","1","16","1","0","1","0","1","0","0","0","1","31"
"2026-05-28T21:10:34.9693108+08:00","during_workgraph","8.893","0","5","32836","1","1451","1","148","0","0","1","36","1","39","1","30","1","3","1","701","0","0","1","45","0","0","0","0","0","0","0","0","0","0","1","3","1","16","1","0","1","0","1","0","0","0","1","31"
"2026-05-28T21:10:35.0320470+08:00","during_workgraph","8.956","0","5","32836","1","1485","1","161","0","0","1","37","1","39","1","39","1","3","1","707","0","0","1","45","0","0","0","0","0","0","0","0","0","0","1","3","1","16","1","0","1","0","1","0","0","0","1","34"
"2026-05-28T21:10:35.0960470+08:00","during_workgraph","9.02","0","5","32836","1","1474","1","153","0","0","1","36","1","40","1","37","1","4","1","704","0","0","1","45","0","0","0","0","0","0","0","0","0","0","1","3","1","16","1","0","1","0","1","0","0","0","1","33"
"2026-05-28T21:10:35.1591705+08:00","during_workgraph","9.083","0","5","32836","1","1483","1","163","0","0","1","37","1","40","1","38","1","3","1","706","0","0","1","45","0","0","0","0","0","0","0","0","0","0","1","3","1","16","1","0","1","0","1","0","0","0","1","33"
"2026-05-28T21:10:35.2231730+08:00","during_workgraph","9.147","0","5","32836","1","1459","1","145","0","0","1","37","1","40","1","34","1","3","1","704","0","0","1","45","0","0","0","0","0","0","0","0","0","0","1","3","1","16","1","0","1","0","1","0","0","0","1","31"
"2026-05-28T21:10:35.2871736+08:00","during_workgraph","9.211","0","5","32836","1","1457","1","146","0","0","1","36","1","40","1","29","1","3","1","702","0","0","1","45","0","0","0","0","0","0","0","0","0","0","1","3","1","16","1","0","1","0","1","0","0","0","1","30"
"2026-05-28T21:10:35.3511716+08:00","during_workgraph","9.275","0","5","32836","1","1462","1","150","0","0","1","36","1","39","1","32","1","3","1","706","0","0","1","45","0","0","0","0","0","0","0","0","0","0","1","3","1","16","1","0","1","0","1","0","0","0","1","30"
"2026-05-28T21:10:35.4151709+08:00","during_workgraph","9.339","0","5","32836","1","1455","1","154","0","0","1","37","1","39","1","32","1","3","1","702","0","0","1","45","0","0","0","0","0","0","0","0","0","0","1","3","1","16","1","0","1","0","1","0","0","0","1","31"
"2026-05-28T21:10:35.4786802+08:00","during_workgraph","9.402","0","5","32836","1","1457","1","142","0","0","1","37","1","40","1","30","1","3","1","704","0","0","1","45","0","0","0","0","0","0","0","0","0","0","1","3","1","16","1","0","1","0","1","0","0","0","1","30"
"2026-05-28T21:10:35.5396815+08:00","during_workgraph","9.463","0","5","32836","1","1484","1","154","0","0","1","37","1","40","1","39","1","3","1","706","0","0","1","45","0","0","0","0","0","0","0","0","0","0","1","3","1","16","1","0","1","0","1","0","0","0","1","33"
"2026-05-28T21:10:35.6026794+08:00","during_workgraph","9.525","0","5","32836","1","1480","1","164","0","0","1","37","1","40","1","37","1","3","1","708","0","0","1","45","0","0","0","0","0","0","0","0","0","0","1","3","1","16","1","0","1","0","1","0","0","0","1","32"
"2026-05-28T21:10:35.6656791+08:00","during_workgraph","9.589","0","5","32836","1","1461","1","151","0","0","1","37","1","39","1","33","1","3","1","702","0","0","1","45","0","0","0","0","0","0","0","0","0","0","1","3","1","16","1","0","1","0","1","0","0","0","1","31"
"2026-05-28T21:10:35.7276858+08:00","during_workgraph","9.651","0","5","32836","1","1470","1","144","0","0","1","37","1","38","1","32","1","3","1","703","0","0","1","45","0","0","0","0","0","0","0","0","0","0","1","3","1","16","1","0","1","0","1","0","0","0","1","32"
"2026-05-28T21:10:35.7911968+08:00","during_workgraph","9.715","0","5","32836","1","1452","1","133","0","0","1","37","1","39","1","31","1","3","1","702","0","0","1","45","0","0","0","0","0","0","0","0","0","0","1","3","1","16","1","0","1","0","1","0","0","0","1","31"
"2026-05-28T21:10:35.8552741+08:00","during_workgraph","9.779","0","5","32836","1","1466","1","148","0","0","1","37","1","40","1","32","1","3","1","704","0","0","1","45","0","0","0","0","0","0","0","0","0","0","1","3","1","16","1","0","1","0","1","0","0","0","1","32"
"2026-05-28T21:10:35.9192741+08:00","during_workgraph","9.843","0","5","32836","1","1449","1","136","0","0","1","36","1","40","1","29","1","3","1","702","0","0","1","44","0","0","0","0","0","0","0","0","0","0","1","3","1","16","1","0","1","0","1","0","0","0","1","31"
"2026-05-28T21:10:35.9812768+08:00","during_workgraph","9.905","0","5","32836","1","1467","1","144","0","0","1","37","1","38","1","33","1","3","1","702","0","0","1","45","0","0","0","0","0","0","0","0","0","0","1","3","1","16","1","0","1","0","1","0","0","0","1","33"
"2026-05-28T21:10:36.0433197+08:00","during_workgraph","9.967","0","5","32836","1","1476","1","151","0","0","1","37","1","38","1","36","1","3","1","707","0","0","1","45","0","0","0","0","0","0","0","0","0","0","1","3","1","16","1","0","1","0","1","0","0","0","1","31"
"2026-05-28T21:10:36.1072741+08:00","during_workgraph","10.031","0","5","32836","1","1478","1","156","0","0","1","37","1","40","1","39","1","3","1","706","0","0","1","45","0","0","0","0","0","0","0","0","0","0","1","3","1","16","1","0","1","0","1","0","0","0","1","33"
"2026-05-28T21:10:36.1698353+08:00","during_workgraph","10.094","0","5","32836","1","1457","1","157","0","0","1","37","1","40","1","35","1","3","1","705","0","0","1","45","0","0","0","0","0","0","0","0","0","0","1","3","1","16","1","0","1","0","1","0","0","0","1","31"
"2026-05-28T21:10:36.2348354+08:00","during_workgraph","10.158","0","5","32836","1","1466","1","145","0","0","1","37","1","40","1","32","1","3","1","700","0","0","1","45","0","0","0","0","0","0","0","0","0","0","1","3","1","16","1","0","1","0","1","0","0","0","1","32"
"2026-05-28T21:10:36.2978361+08:00","during_workgraph","10.222","0","5","32836","1","1455","1","149","0","0","1","37","1","40","1","32","1","4","1","701","0","0","1","45","0","0","0","0","0","0","0","0","0","0","1","3","1","16","1","0","1","0","1","0","0","0","1","31"
"2026-05-28T21:10:36.3588358+08:00","during_workgraph","10.283","0","5","32836","1","1465","1","146","0","0","1","37","1","40","1","30","1","3","1","703","0","0","1","45","0","0","0","0","0","0","0","0","0","0","1","3","1","16","1","0","1","0","1","0","0","0","1","30"
"2026-05-28T21:10:36.4228354+08:00","during_workgraph","10.347","0","5","32836","1","1448","1","140","0","0","1","37","1","40","1","30","1","3","1","701","0","0","1","45","0","0","0","0","0","0","0","0","0","0","1","3","1","16","1","0","1","0","1","0","0","0","1","31"
"2026-05-28T21:10:36.4836307+08:00","during_workgraph","10.407","0","5","32836","1","1460","1","152","0","0","1","37","1","40","1","33","1","3","1","702","0","0","1","45","0","0","0","0","0","0","0","0","0","0","1","3","1","16","1","0","1","0","1","0","0","0","1","31"
"2026-05-28T21:10:36.5468138+08:00","during_workgraph","10.471","0","5","32836","1","1484","1","163","0","0","1","37","1","38","1","37","1","3","1","707","0","0","1","45","0","0","0","0","0","0","0","0","0","0","1","3","1","16","1","0","1","0","1","0","0","0","1","34"
"2026-05-28T21:10:36.6108127+08:00","during_workgraph","10.535","0","5","32836","1","1482","1","160","0","0","1","37","1","40","1","39","1","4","1","706","0","0","1","45","0","0","0","0","0","0","0","0","0","0","1","3","1","16","1","0","1","0","1","0","0","0","1","33"
"2026-05-28T21:10:36.6748122+08:00","during_workgraph","10.598","0","5","32836","1","1460","1","139","0","0","1","37","1","40","1","32","1","3","1","703","0","0","1","45","0","0","0","0","0","0","0","0","0","0","1","3","1","16","1","0","1","0","1","0","0","0","1","32"
"2026-05-28T21:10:36.7523320+08:00","during_workgraph","10.676","0","5","32836","1","1506","1","149","0","0","1","37","1","40","1","39","1","4","1","704","0","0","1","44","0","0","0","0","0","0","0","0","0","0","1","3","1","16","1","0","1","0","1","0","0","0","1","32"
"2026-05-28T21:10:36.8303293+08:00","during_workgraph","10.754","0","5","32836","1","1458","1","136","0","0","1","37","1","40","1","30","1","3","1","701","0","0","1","45","0","0","0","0","0","0","0","0","0","0","1","3","1","16","1","0","1","0","1","0","0","0","1","30"
"2026-05-28T21:10:36.8923320+08:00","during_workgraph","10.816","0","5","32836","1","1453","1","149","0","0","1","37","1","38","1","30","1","3","1","703","0","0","1","45","0","0","0","0","0","0","0","0","0","0","1","3","1","16","1","0","1","0","1","0","0","0","1","30"
"2026-05-28T21:10:36.9563294+08:00","during_workgraph","10.88","0","5","32836","1","1461","1","142","0","0","1","37","1","40","1","31","1","3","1","702","0","0","1","45","0","0","0","0","0","0","0","0","0","0","1","3","1","16","1","0","1","0","1","0","0","0","1","30"
"2026-05-28T21:10:37.0193321+08:00","during_workgraph","10.943","0","5","32836","1","1460","1","146","0","0","1","37","1","40","1","33","1","3","1","702","0","0","1","45","0","0","0","0","0","0","0","0","0","0","1","3","1","16","1","0","1","0","1","0","0","0","1","31"
"2026-05-28T21:10:37.0973301+08:00","during_workgraph","11.02","0","5","32836","1","1491","1","156","0","0","1","37","1","40","1","39","1","3","1","708","0","0","1","45","0","0","0","0","0","0","0","0","0","0","1","3","1","16","1","0","1","0","1","0","0","0","1","32"
"2026-05-28T21:10:37.1739444+08:00","during_workgraph","11.098","0","5","32836","1","1460","1","146","0","0","1","37","1","40","1","32","1","3","1","703","0","0","1","45","0","0","0","0","0","0","0","0","0","0","1","3","1","16","1","0","1","0","1","0","0","0","1","31"
"2026-05-28T21:10:37.2379429+08:00","during_workgraph","11.162","0","5","32836","1","1464","1","141","0","0","1","37","1","39","1","33","1","3","1","705","0","0","1","45","0","0","0","0","0","0","0","0","0","0","1","3","1","16","1","0","1","0","1","0","0","0","1","33"
"2026-05-28T21:10:37.3019422+08:00","during_workgraph","11.226","0","5","32836","1","1470","1","164","0","0","1","37","1","39","1","39","1","4","1","707","0","0","1","45","0","0","0","0","0","0","0","0","0","0","1","3","1","16","1","0","1","0","1","0","0","0","1","33"
"2026-05-28T21:10:37.3669421+08:00","during_workgraph","11.29","0","5","32836","1","1471","1","159","0","0","1","37","1","40","1","37","1","4","1","707","0","0","1","45","0","0","0","0","0","0","0","0","0","0","1","3","1","16","1","0","1","0","1","0","0","0","1","34"
"2026-05-28T21:10:37.4299451+08:00","during_workgraph","11.354","0","5","32836","1","1496","1","158","0","0","1","37","1","40","1","40","1","4","1","708","0","0","1","45","0","0","0","0","0","0","0","0","0","0","1","3","1","16","1","0","1","0","1","0","0","0","1","33"
"2026-05-28T21:10:37.4939446+08:00","during_workgraph","11.418","0","5","32836","1","1472","1","156","0","0","1","37","1","40","1","38","1","4","1","704","0","0","1","45","0","0","0","0","0","0","0","0","0","0","1","3","1","16","1","0","1","0","1","0","0","0","1","33"
"2026-05-28T21:10:37.5569425+08:00","during_workgraph","11.482","0","5","32836","1","1476","1","150","0","0","1","37","1","40","1","39","1","3","1","709","0","0","1","45","0","0","0","0","0","0","0","0","0","0","1","3","1","16","1","0","1","0","1","0","0","0","1","33"
"2026-05-28T21:10:37.6219440+08:00","during_workgraph","11.546","0","5","32836","1","1467","1","153","0","0","1","37","1","40","1","36","1","3","1","707","0","0","1","45","0","0","0","0","0","0","0","0","0","0","1","3","1","16","1","0","1","0","1","0","0","0","1","32"
"2026-05-28T21:10:37.6859421+08:00","during_workgraph","11.61","0","5","32836","1","1469","1","155","0","0","1","37","1","41","1","35","1","3","1","705","0","0","1","45","0","0","0","0","0","0","0","0","0","0","1","3","1","16","1","0","1","0","1","0","0","0","1","32"
"2026-05-28T21:10:37.7494546+08:00","during_workgraph","11.673","0","5","32836","1","1548","1","192","0","0","1","37","1","40","1","65","1","6","1","719","0","0","1","45","0","0","0","0","0","0","0","0","0","0","1","3","1","16","1","0","1","0","1","0","0","0","1","37"
"2026-05-28T21:10:37.8114525+08:00","during_workgraph","11.735","0","5","32836","1","1485","1","166","0","0","1","37","1","40","1","40","1","4","1","708","0","0","1","45","0","0","0","0","0","0","0","0","0","0","1","3","1","16","1","0","1","0","1","0","0","0","1","36"
"2026-05-28T21:10:37.8754545+08:00","during_workgraph","11.799","0","5","32836","1","1519","1","185","0","0","1","37","1","40","1","48","1","5","1","715","0","0","1","45","0","0","0","0","0","0","0","0","0","0","1","3","1","16","1","0","1","0","1","0","0","0","1","38"
"2026-05-28T21:10:37.9394548+08:00","during_workgraph","11.863","0","5","32836","1","1448","1","141","0","0","1","37","1","40","1","32","1","3","1","703","0","0","1","45","0","0","0","0","0","0","0","0","0","0","1","3","1","16","1","0","1","0","1","0","0","0","1","31"
"2026-05-28T21:10:38.0014531+08:00","during_workgraph","11.925","0","5","32836","1","1472","1","158","0","0","1","37","1","40","1","35","1","4","1","707","0","0","1","44","0","0","0","0","0","0","0","0","0","0","1","3","1","16","1","0","1","0","1","0","0","0","1","33"
"2026-05-28T21:10:38.0654534+08:00","during_workgraph","11.989","0","5","32836","1","1483","1","162","0","0","1","37","1","40","1","39","1","3","1","707","0","0","1","45","0","0","0","0","0","0","0","0","0","0","1","3","1","16","1","0","1","0","1","0","0","0","1","33"
"2026-05-28T21:10:38.1294526+08:00","during_workgraph","12.053","0","5","32836","1","1481","1","154","0","0","1","37","1","40","1","38","1","3","1","707","0","0","1","45","0","0","0","0","0","0","0","0","0","0","1","3","1","16","1","0","1","0","1","0","0","0","1","33"
"2026-05-28T21:10:38.1934529+08:00","during_workgraph","12.117","0","5","32836","1","1451","1","149","0","0","1","37","1","39","1","32","1","3","1","702","0","0","1","45","0","0","0","0","0","0","0","0","0","0","1","3","1","16","1","0","1","0","1","0","0","0","1","30"
"2026-05-28T21:10:38.2564531+08:00","during_workgraph","12.181","0","5","32836","1","1460","1","140","0","0","1","37","1","40","1","30","1","3","1","701","0","0","1","45","0","0","0","0","0","0","0","0","0","0","1","3","1","16","1","0","1","0","1","0","0","0","1","31"
"2026-05-28T21:10:38.3212619+08:00","during_workgraph","12.245","0","5","32836","1","1507","1","175","0","0","1","37","1","41","1","43","1","4","1","709","0","0","1","45","0","0","0","0","0","0","0","0","0","0","1","3","1","16","1","0","1","0","1","0","0","0","1","34"
"2026-05-28T21:10:38.3842615+08:00","during_workgraph","12.307","0","5","32836","1","1472","1","146","0","0","1","37","1","40","1","33","1","3","1","701","0","0","1","45","0","0","0","0","0","0","0","0","0","0","1","3","1","16","1","0","1","0","1","0","0","0","1","30"
"2026-05-28T21:10:38.4462613+08:00","during_workgraph","12.37","0","5","32836","1","1481","1","155","0","0","1","37","1","40","1","39","1","4","1","709","0","0","1","45","0","0","0","0","0","0","0","0","0","0","1","3","1","16","1","0","1","0","1","0","0","0","1","34"
"2026-05-28T21:10:38.5100007+08:00","during_workgraph","12.434","0","5","32836","1","1466","1","152","0","0","1","37","1","40","1","33","1","3","1","704","0","0","1","45","0","0","0","0","0","0","0","0","0","0","1","3","1","16","1","0","1","0","1","0","0","0","1","31"
"2026-05-28T21:10:38.5735422+08:00","during_workgraph","12.496","0","5","32836","1","1480","1","152","0","0","1","37","1","40","1","38","1","2","1","709","0","0","1","45","0","0","0","0","0","0","0","0","0","0","1","3","1","16","1","0","1","0","1","0","0","0","1","31"
"2026-05-28T21:10:38.6363919+08:00","idle_after","12.56","0","5","32836","1","154","1","93","0","0","1","37","1","40","1","11","1","0","1","687","0","0","1","44","0","0","0","0","0","0","0","0","0","0","1","3","1","16","1","0","1","0","1","0","0","0","1","23"
"2026-05-28T21:10:38.7415019+08:00","idle_after","12.665","0","5","32836","1","53","1","53","0","0","1","37","1","40","1","2","1","0","1","689","0","0","1","44","0","0","0","0","0","0","0","0","0","0","1","3","1","16","1","0","1","0","1","0","0","0","1","21"
"2026-05-28T21:10:38.8522705+08:00","idle_after","12.775","0","5","32836","1","74","1","61","0","0","1","36","1","39","1","4","1","0","1","691","0","0","1","44","0","0","0","0","0","0","0","0","0","0","1","3","1","16","1","0","1","0","1","0","0","0","1","22"
"2026-05-28T21:10:38.9639051+08:00","idle_after","12.887","0","5","32836","1","70","1","54","0","0","1","36","1","40","1","3","1","0","1","691","0","0","1","44","0","0","0","0","0","0","0","0","0","0","1","3","1","16","1","0","1","0","1","0","0","0","1","21"
"2026-05-28T21:10:39.0725457+08:00","idle_after","12.996","0","5","32836","1","88","1","57","0","0","1","36","1","40","1","6","1","0","1","691","0","0","1","44","0","0","0","0","0","0","0","0","0","0","1","3","1","16","1","0","1","0","1","0","0","0","1","21"
"2026-05-28T21:10:39.1801100+08:00","idle_after","13.104","0","5","32836","1","95","1","59","0","0","1","36","1","40","1","5","1","0","1","691","0","0","1","44","0","0","0","0","0","0","0","0","0","0","1","3","1","16","1","0","1","0","1","0","0","0","1","22"
"2026-05-28T21:10:39.2883146+08:00","idle_after","13.212","0","5","32836","1","40","1","38","0","0","1","36","1","40","1","1","1","0","1","690","0","0","1","44","0","0","0","0","0","0","0","0","0","0","1","3","1","16","1","0","1","0","1","0","0","0","1","20"
"2026-05-28T21:10:39.3975550+08:00","idle_after","13.32","0","5","32836","1","0","1","14","0","0","1","36","1","40","1","0","1","0","1","74","0","0","1","44","0","0","0","0","0","0","0","0","0","0","1","3","1","16","1","0","1","0","1","0","0","0","1","7"
"2026-05-28T21:10:39.5055501+08:00","idle_after","13.428","0","5","32836","1","1","1","24","0","0","1","36","1","40","1","1","1","0","1","121","0","0","1","44","0","0","0","0","0","0","0","0","0","0","1","3","1","16","1","0","1","0","1","0","0","0","1","9"
"2026-05-28T21:10:39.6298694+08:00","idle_after","13.553","0","5","32836","1","58","1","48","0","0","1","36","1","39","1","2","1","0","1","687","0","0","1","44","0","0","0","0","0","0","0","0","0","0","1","3","1","16","1","0","1","0","1","0","0","0","1","20"
"2026-05-28T21:10:39.7395563+08:00","idle_after","13.663","0","5","32836","1","14","1","16","0","0","1","36","1","39","1","0","1","0","1","403","0","0","1","44","0","0","0","0","0","0","0","0","0","0","1","3","1","16","1","0","1","0","1","0","0","0","1","15"
"2026-05-28T21:10:39.8474863+08:00","idle_after","13.771","0","5","32836","1","0","1","12","0","0","1","36","1","38","1","0","1","0","1","60","0","0","1","44","0","0","0","0","0","0","0","0","0","0","1","3","1","16","1","0","1","0","1","0","0","0","1","9"
"2026-05-28T21:10:39.9586079+08:00","idle_after","13.881","0","5","32836","1","0","1","13","0","0","1","36","1","38","1","0","1","0","1","60","0","0","1","44","0","0","0","0","0","0","0","0","0","0","1","3","1","16","1","0","1","0","1","0","0","0","1","9"
"2026-05-28T21:10:40.0805574+08:00","idle_after","14.004","0","5","32836","1","38","1","40","0","0","1","36","1","39","1","3","1","0","1","501","0","0","1","44","0","0","0","0","0","0","0","0","0","0","1","3","1","16","1","0","1","0","1","0","0","0","1","17"
"2026-05-28T21:10:40.2035685+08:00","idle_after","14.126","0","5","32836","1","35","1","31","0","0","1","36","1","40","1","1","1","0","1","623","0","0","1","44","0","0","0","0","0","0","0","0","0","0","1","3","1","16","1","0","1","0","1","0","0","0","1","18"
"2026-05-28T21:10:40.3115863+08:00","idle_after","14.235","0","5","32836","1","0","1","12","0","0","1","36","1","40","1","0","1","0","1","60","0","0","1","44","0","0","0","0","0","0","0","0","0","0","1","3","1","16","1","0","1","0","1","0","0","0","1","4"
"2026-05-28T21:10:40.4237342+08:00","idle_after","14.346","0","5","32836","1","0","1","14","0","0","1","36","1","39","1","0","1","0","1","60","0","0","1","44","0","0","0","0","0","0","0","0","0","0","1","3","1","16","1","0","1","0","1","0","0","0","1","4"
"2026-05-28T21:10:40.5315721+08:00","idle_after","14.455","0","5","32836","1","13","1","26","0","0","1","36","1","39","1","2","1","0","1","276","0","0","1","44","0","0","0","0","0","0","0","0","0","0","1","3","1","16","1","0","1","0","1","0","0","0","1","10"
"2026-05-28T21:10:40.6415658+08:00","idle_after","14.564","0","5","32836","1","45","1","49","0","0","1","36","1","40","1","2","1","0","1","686","0","0","1","44","0","0","0","0","0","0","0","0","0","0","1","3","1","16","1","0","1","0","1","0","0","0","1","20"
"2026-05-28T21:10:40.7649898+08:00","idle_after","14.689","0","5","32836","1","3","1","24","0","0","1","36","1","38","1","0","1","0","1","219","0","0","1","44","0","0","0","0","0","0","0","0","0","0","1","3","1","16","1","0","1","0","1","0","0","0","1","12"
