"timestamp","phase","elapsed_sec","pid","query_result","adapterIndex","CLK_GFXCLK","CLK_MEMCLK","ACTIVITY_GFX","ACTIVITY_MEM","THROTTLER_STATUS","THROTTLE_POWER","THROTTLE_TDC","THROTTLE_VMAX","BOARD_POWER"
"2026-05-28T21:18:08.4840691+08:00","post_unsharded_idle_before_default","0.001","0","0","5","70","75","3","0","0","0","0","0","21"
"2026-05-28T21:18:08.5659463+08:00","post_unsharded_idle_before_default","0.093","0","0","5","63","56","2","0","0","0","0","0","20"
"2026-05-28T21:18:08.6449306+08:00","post_unsharded_idle_before_default","0.171","0","0","5","66","58","3","0","0","0","0","0","20"
"2026-05-28T21:18:08.7088411+08:00","post_unsharded_idle_before_default","0.235","0","0","5","45","51","2","0","0","0","0","0","20"
"2026-05-28T21:18:08.7721763+08:00","post_unsharded_idle_before_default","0.299","0","0","5","52","66","2","0","0","0","0","0","20"
"2026-05-28T21:18:08.8338508+08:00","post_unsharded_idle_before_default","0.361","0","0","5","55","44","2","0","0","0","0","0","20"
"2026-05-28T21:18:08.8969329+08:00","post_unsharded_idle_before_default","0.423","0","0","5","62","50","2","0","0","0","0","0","20"
"2026-05-28T21:18:08.9598374+08:00","post_unsharded_idle_before_default","0.487","0","0","5","53","58","2","0","0","0","0","0","20"
"2026-05-28T21:18:09.0219312+08:00","post_unsharded_idle_before_default","0.549","0","0","5","62","53","2","0","0","0","0","0","20"
"2026-05-28T21:18:09.0838603+08:00","post_unsharded_idle_before_default","0.611","0","0","5","56","46","2","0","0","0","0","0","20"
"2026-05-28T21:18:09.1571093+08:00","during_default_after_unsharded","0.684","15636","0","5","58","56","2","0","0","0","0","0","20"
"2026-05-28T21:18:09.2247071+08:00","during_default_after_unsharded","0.751","15636","0","5","154","80","8","0","0","0","0","0","22"
"2026-05-28T21:18:09.2852386+08:00","during_default_after_unsharded","0.813","15636","0","5","230","111","15","1","0","0","0","0","24"
"2026-05-28T21:18:09.3482398+08:00","during_default_after_unsharded","0.876","15636","0","5","1557","181","53","3","0","0","0","0","34"
"2026-05-28T21:18:09.4102379+08:00","during_default_after_unsharded","0.938","15636","0","5","1507","186","48","4","0","0","0","0","36"
"2026-05-28T21:18:09.4874529+08:00","during_default_after_unsharded","1.015","15636","0","5","1507","182","48","4","0","0","0","0","35"
"2026-05-28T21:18:09.5653702+08:00","during_default_after_unsharded","1.093","15636","0","5","1496","186","46","4","0","0","0","0","35"
"2026-05-28T21:18:09.6274431+08:00","during_default_after_unsharded","1.155","15636","0","5","1508","187","49","4","0","0","0","0","36"
"2026-05-28T21:18:09.6893704+08:00","during_default_after_unsharded","1.217","15636","0","5","1486","187","47","4","0","0","0","0","35"
"2026-05-28T21:18:09.7523708+08:00","during_default_after_unsharded","1.28","15636","0","5","1497","182","47","4","0","0","0","0","35"
"2026-05-28T21:18:09.8143706+08:00","during_default_after_unsharded","1.342","15636","0","5","1502","188","47","4","0","0","0","0","34"
"2026-05-28T21:18:09.8778819+08:00","during_default_after_unsharded","1.405","15636","0","5","1500","188","47","4","0","0","0","0","36"
"2026-05-28T21:18:09.9398826+08:00","during_default_after_unsharded","1.467","15636","0","5","1491","181","47","4","0","0","0","0","35"
"2026-05-28T21:18:10.0018869+08:00","during_default_after_unsharded","1.529","15636","0","5","1502","182","48","4","0","0","0","0","35"
"2026-05-28T21:18:10.0638836+08:00","during_default_after_unsharded","1.591","15636","0","5","1505","180","48","4","0","0","0","0","35"
"2026-05-28T21:18:10.1278838+08:00","during_default_after_unsharded","1.655","15636","0","5","1505","187","48","4","0","0","0","0","34"
"2026-05-28T21:18:10.1913221+08:00","during_default_after_unsharded","1.719","15636","0","5","1504","186","47","4","0","0","0","0","34"
"2026-05-28T21:18:10.2543230+08:00","during_default_after_unsharded","1.782","15636","0","5","1491","185","47","4","0","0","0","0","36"
"2026-05-28T21:18:10.3323196+08:00","during_default_after_unsharded","1.86","15636","0","5","1491","179","44","4","0","0","0","0","35"
"2026-05-28T21:18:10.3953236+08:00","during_default_after_unsharded","1.923","15636","0","5","1502","181","44","4","0","0","0","0","35"
"2026-05-28T21:18:10.4593211+08:00","during_default_after_unsharded","1.987","15636","0","5","1498","177","46","4","0","0","0","0","34"
"2026-05-28T21:18:10.5213213+08:00","during_default_after_unsharded","2.049","15636","0","5","1493","175","44","4","0","0","0","0","34"
"2026-05-28T21:18:10.5853242+08:00","during_default_after_unsharded","2.113","15636","0","5","1489","176","45","4","0","0","0","0","35"
"2026-05-28T21:18:10.6493197+08:00","during_default_after_unsharded","2.177","15636","0","5","1498","185","45","4","0","0","0","0","34"
"2026-05-28T21:18:10.7133199+08:00","during_default_after_unsharded","2.241","15636","0","5","1497","184","44","4","0","0","0","0","35"
"2026-05-28T21:18:10.7753207+08:00","during_default_after_unsharded","2.303","15636","0","5","1486","179","46","4","0","0","0","0","35"
"2026-05-28T21:18:10.8383248+08:00","during_default_after_unsharded","2.366","15636","0","5","1519","185","49","4","0","0","0","0","36"
"2026-05-28T21:18:10.9015146+08:00","during_default_after_unsharded","2.429","15636","0","5","1488","185","45","4","0","0","0","0","34"
"2026-05-28T21:18:10.9638576+08:00","during_default_after_unsharded","2.491","15636","0","5","1492","178","44","4","0","0","0","0","34"
"2026-05-28T21:18:11.0338556+08:00","during_default_after_unsharded","2.553","15636","0","5","1499","178","44","4","0","0","0","0","34"
"2026-05-28T21:18:11.0898561+08:00","during_default_after_unsharded","2.617","15636","0","5","1486","182","43","4","0","0","0","0","35"
"2026-05-28T21:18:11.1538606+08:00","during_default_after_unsharded","2.681","15636","0","5","1484","175","43","4","0","0","0","0","33"
"2026-05-28T21:18:11.2165499+08:00","during_default_after_unsharded","2.744","15636","0","5","1493","178","42","4","0","0","0","0","34"
"2026-05-28T21:18:11.2805494+08:00","during_default_after_unsharded","2.808","15636","0","5","1498","182","43","4","0","0","0","0","34"
"2026-05-28T21:18:11.3435488+08:00","during_default_after_unsharded","2.871","15636","0","5","1494","185","44","4","0","0","0","0","34"
"2026-05-28T21:18:11.4065513+08:00","during_default_after_unsharded","2.934","15636","0","5","1493","180","47","4","0","0","0","0","34"
"2026-05-28T21:18:11.4685523+08:00","during_default_after_unsharded","2.996","15636","0","5","1500","181","45","4","0","0","0","0","35"
"2026-05-28T21:18:11.5303158+08:00","during_default_after_unsharded","3.058","15636","0","5","1505","179","44","4","0","0","0","0","34"
"2026-05-28T21:18:11.5949267+08:00","during_default_after_unsharded","3.122","15636","0","5","1495","179","44","4","0","0","0","0","34"
"2026-05-28T21:18:11.6566083+08:00","during_default_after_unsharded","3.184","15636","0","5","1491","180","43","4","0","0","0","0","34"
"2026-05-28T21:18:11.7206087+08:00","during_default_after_unsharded","3.248","15636","0","5","1493","174","43","4","0","0","0","0","33"
"2026-05-28T21:18:11.7841352+08:00","during_default_after_unsharded","3.312","15636","0","5","1482","178","44","4","0","0","0","0","34"
"2026-05-28T21:18:11.8476443+08:00","during_default_after_unsharded","3.375","15636","0","5","1496","168","52","5","0","0","0","0","42"
"2026-05-28T21:18:11.9106436+08:00","during_default_after_unsharded","3.438","15636","0","5","1484","170","42","3","0","0","0","0","33"
"2026-05-28T21:18:11.9746448+08:00","during_default_after_unsharded","3.502","15636","0","5","1489","181","44","4","0","0","0","0","35"
"2026-05-28T21:18:12.0386461+08:00","during_default_after_unsharded","3.566","15636","0","5","1492","178","46","4","0","0","0","0","35"
"2026-05-28T21:18:12.1016448+08:00","during_default_after_unsharded","3.629","15636","0","5","1494","179","45","4","0","0","0","0","34"
"2026-05-28T21:18:12.1646458+08:00","during_default_after_unsharded","3.692","15636","0","5","1486","181","44","4","0","0","0","0","34"
"2026-05-28T21:18:12.2286450+08:00","during_default_after_unsharded","3.756","15636","0","5","1563","191","65","6","0","0","0","0","39"
"2026-05-28T21:18:12.2906457+08:00","during_default_after_unsharded","3.818","15636","0","5","1537","191","64","6","0","0","0","0","40"
"2026-05-28T21:18:12.3546454+08:00","during_default_after_unsharded","3.882","15636","0","5","1553","191","65","6","0","0","0","0","40"
"2026-05-28T21:18:12.4176448+08:00","during_default_after_unsharded","3.945","15636","0","5","1550","191","66","6","0","0","0","0","40"
"2026-05-28T21:18:12.4806455+08:00","during_default_after_unsharded","4.008","15636","0","5","1543","191","66","6","0","0","0","0","40"
"2026-05-28T21:18:12.5421479+08:00","during_default_after_unsharded","4.071","15636","0","5","1559","191","69","5","0","0","0","0","40"
"2026-05-28T21:18:12.6061520+08:00","during_default_after_unsharded","4.134","15636","0","5","1553","191","68","6","0","0","0","0","41"
"2026-05-28T21:18:12.6696734+08:00","during_default_after_unsharded","4.197","15636","0","5","1553","191","68","6","0","0","0","0","40"
"2026-05-28T21:18:12.7318377+08:00","during_default_after_unsharded","4.259","15636","0","5","1556","191","68","6","0","0","0","0","38"
"2026-05-28T21:18:12.7957485+08:00","idle_after_default","4.323","15636","0","5","1344","113","20","0","0","0","0","0","24"
"2026-05-28T21:18:12.9033373+08:00","idle_after_default","4.431","15636","0","5","124","62","5","0","0","0","0","0","21"
"2026-05-28T21:18:13.0103355+08:00","idle_after_default","4.537","15636","0","5","115","66","7","0","0","0","0","0","21"
"2026-05-28T21:18:13.1202410+08:00","idle_after_default","4.647","15636","0","5","81","59","5","0","0","0","0","0","20"
"2026-05-28T21:18:13.2309989+08:00","idle_after_default","4.757","15636","0","5","100","64","7","0","0","0","0","0","21"
"2026-05-28T21:18:13.3369988+08:00","idle_after_default","4.864","15636","0","5","68","57","5","0","0","0","0","0","20"
"2026-05-28T21:18:13.4449960+08:00","idle_after_default","4.972","15636","0","5","89","65","6","0","0","0","0","0","21"
"2026-05-28T21:18:13.5539957+08:00","idle_after_default","5.08","15636","0","5","47","51","2","0","0","0","0","0","20"
"2026-05-28T21:18:13.6628559+08:00","idle_after_default","5.189","15636","0","5","49","50","2","0","0","0","0","0","20"
"2026-05-28T21:18:13.7720311+08:00","idle_after_default","5.299","15636","0","5","45","47","2","0","0","0","0","0","20"
