"timestamp","phase","elapsed_sec","anchor_pid","default_pid","query_result","adapterIndex","CLK_GFXCLK","CLK_MEMCLK","ACTIVITY_GFX","ACTIVITY_MEM","THROTTLER_STATUS","THROTTLE_POWER","THROTTLE_TDC","THROTTLE_VMAX","BOARD_POWER"
"2026-05-28T21:23:27.5031334+08:00","idle_before_anchor","0.001","0","0","0","5","90","50","4","0","0","0","0","0","21"
"2026-05-28T21:23:27.6216568+08:00","idle_before_anchor","0.13","0","0","0","5","87","49","4","0","0","0","0","0","21"
"2026-05-28T21:23:27.7314724+08:00","idle_before_anchor","0.241","0","0","0","5","84","52","4","0","0","0","0","0","21"
"2026-05-28T21:23:27.8414888+08:00","idle_before_anchor","0.351","0","0","0","5","93","42","4","0","0","0","0","0","21"
"2026-05-28T21:23:27.9524692+08:00","idle_before_anchor","0.461","0","0","0","5","115","49","5","0","0","0","0","0","22"
"2026-05-28T21:23:28.0594766+08:00","idle_before_anchor","0.569","0","0","0","5","92","45","4","0","0","0","0","0","21"
"2026-05-28T21:23:28.1685103+08:00","idle_before_anchor","0.677","0","0","0","5","79","57","4","0","0","0","0","0","21"
"2026-05-28T21:23:28.2773956+08:00","idle_before_anchor","0.786","0","0","0","5","95","47","4","0","0","0","0","0","21"
"2026-05-28T21:23:28.3890458+08:00","idle_before_anchor","0.897","0","0","0","5","115","49","4","0","0","0","0","0","21"
"2026-05-28T21:23:28.4984965+08:00","idle_before_anchor","1.007","0","0","0","5","95","55","5","0","0","0","0","0","21"
"2026-05-28T21:23:28.6189702+08:00","anchor_ramp_before_default","1.127","30524","0","0","5","91","53","4","0","0","0","0","0","21"
"2026-05-28T21:23:28.6832655+08:00","anchor_ramp_before_default","1.192","30524","0","0","5","168","93","10","1","0","0","0","0","23"
"2026-05-28T21:23:28.7452642+08:00","anchor_ramp_before_default","1.254","30524","0","0","5","1465","169","27","2","0","0","0","0","29"
"2026-05-28T21:23:28.8084961+08:00","anchor_ramp_before_default","1.318","30524","0","0","5","1755","162","60","1","0","0","0","9","47"
"2026-05-28T21:23:28.8713317+08:00","anchor_ramp_before_default","1.38","30524","0","0","5","3177","192","100","1","0","0","0","100","148"
"2026-05-28T21:23:28.9334571+08:00","anchor_ramp_before_default","1.443","30524","0","0","5","3170","191","100","1","0","0","0","100","151"
"2026-05-28T21:23:28.9964883+08:00","anchor_ramp_before_default","1.505","30524","0","0","5","3168","191","100","1","0","0","0","99","150"
"2026-05-28T21:23:29.0571872+08:00","anchor_ramp_before_default","1.566","30524","0","0","5","3166","192","100","1","0","0","0","97","150"
"2026-05-28T21:23:29.1185132+08:00","anchor_ramp_before_default","1.628","30524","0","0","5","2914","172","86","1","0","0","0","90","132"
"2026-05-28T21:23:29.1812275+08:00","anchor_ramp_before_default","1.69","30524","0","0","5","3091","186","96","1","0","0","0","97","145"
"2026-05-28T21:23:29.2437443+08:00","anchor_ramp_before_default","1.753","30524","0","0","5","3047","181","93","1","0","0","0","92","143"
"2026-05-28T21:23:29.3056983+08:00","anchor_ramp_before_default","1.815","30524","0","0","5","3165","192","100","1","0","0","0","100","151"
"2026-05-28T21:23:29.3695079+08:00","anchor_ramp_before_default","1.879","30524","0","0","5","3165","193","100","1","0","0","0","100","151"
"2026-05-28T21:23:29.4306666+08:00","anchor_ramp_before_default","1.94","30524","0","0","5","3165","192","100","1","0","0","0","100","152"
"2026-05-28T21:23:29.4934959+08:00","anchor_ramp_before_default","2.003","30524","0","0","5","3166","192","100","1","0","0","0","100","151"
"2026-05-28T21:23:29.5545178+08:00","anchor_ramp_before_default","2.064","30524","0","0","5","3163","193","100","1","0","0","0","99","152"
"2026-05-28T21:23:29.6170181+08:00","anchor_ramp_before_default","2.126","30524","0","0","5","3165","192","100","1","0","0","0","100","151"
"2026-05-28T21:23:29.6795329+08:00","anchor_ramp_before_default","2.189","30524","0","0","5","3167","192","100","1","0","0","0","100","151"
"2026-05-28T21:23:29.7428348+08:00","anchor_ramp_before_default","2.252","30524","0","0","5","3167","192","100","1","0","0","0","100","152"
"2026-05-28T21:23:29.8035066+08:00","anchor_ramp_before_default","2.313","30524","0","0","5","3168","193","100","1","0","0","0","100","151"
"2026-05-28T21:23:29.8654995+08:00","anchor_ramp_before_default","2.375","30524","0","0","5","3167","192","100","1","0","0","0","100","152"
"2026-05-28T21:23:29.9285048+08:00","anchor_ramp_before_default","2.438","30524","0","0","5","3166","192","100","1","0","0","0","99","150"
"2026-05-28T21:23:29.9925325+08:00","anchor_ramp_before_default","2.502","30524","0","0","5","3167","193","100","1","0","0","0","100","153"
"2026-05-28T21:23:30.0555101+08:00","anchor_ramp_before_default","2.565","30524","0","0","5","3167","192","100","1","0","0","0","100","152"
"2026-05-28T21:23:30.1185090+08:00","anchor_ramp_before_default","2.628","30524","0","0","5","3165","192","100","1","0","0","0","99","152"
"2026-05-28T21:23:30.1881357+08:00","default_while_anchor_running","2.698","30524","15344","0","5","3164","192","100","1","0","0","0","100","152"
"2026-05-28T21:23:30.2435483+08:00","default_while_anchor_running","2.753","30524","15344","0","5","3163","193","100","1","0","0","0","100","152"
"2026-05-28T21:23:30.3069882+08:00","default_while_anchor_running","2.816","30524","15344","0","5","3164","193","100","1","0","0","0","100","154"
"2026-05-28T21:23:30.3675585+08:00","default_while_anchor_running","2.877","30524","15344","0","5","3163","193","100","1","0","0","0","100","152"
"2026-05-28T21:23:30.4310383+08:00","default_while_anchor_running","2.94","30524","15344","0","5","3163","354","100","1","0","0","0","100","156"
"2026-05-28T21:23:30.4945315+08:00","default_while_anchor_running","3.004","30524","15344","0","5","3165","352","100","1","0","0","0","100","156"
"2026-05-28T21:23:30.5569845+08:00","default_while_anchor_running","3.066","30524","15344","0","5","3164","193","100","1","0","0","0","100","152"
"2026-05-28T21:23:30.6185110+08:00","default_while_anchor_running","3.128","30524","15344","0","5","3165","193","100","1","0","0","0","100","153"
"2026-05-28T21:23:30.6811522+08:00","default_while_anchor_running","3.19","30524","15344","0","5","2146","563","73","1","0","0","0","32","80"
"2026-05-28T21:23:30.7445288+08:00","default_while_anchor_running","3.254","30524","15344","0","5","3182","193","100","1","0","0","0","92","150"
"2026-05-28T21:23:30.8080181+08:00","default_while_anchor_running","3.317","30524","15344","0","5","2549","362","79","1","0","0","0","41","104"
"2026-05-28T21:23:30.8706859+08:00","default_while_anchor_running","3.38","30524","15344","0","5","3072","327","94","2","0","0","0","95","146"
"2026-05-28T21:23:30.9335133+08:00","default_while_anchor_running","3.443","30524","15344","0","5","3164","510","100","2","0","0","0","100","160"
"2026-05-28T21:23:30.9975243+08:00","default_while_anchor_running","3.507","30524","15344","0","5","3164","193","100","1","0","0","0","100","153"
"2026-05-28T21:23:31.0604880+08:00","default_while_anchor_running","3.57","30524","15344","0","5","3165","317","100","2","0","0","0","100","155"
"2026-05-28T21:23:31.1235358+08:00","default_while_anchor_running","3.633","30524","15344","0","5","3163","228","100","1","0","0","0","100","153"
"2026-05-28T21:23:31.1855423+08:00","default_while_anchor_running","3.695","30524","15344","0","5","3165","354","100","2","0","0","0","100","156"
"2026-05-28T21:23:31.2477330+08:00","default_while_anchor_running","3.757","30524","15344","0","5","3166","355","100","1","0","0","0","99","156"
"2026-05-28T21:23:31.3111817+08:00","default_while_anchor_running","3.82","30524","15344","0","5","3164","193","100","1","0","0","0","100","153"
"2026-05-28T21:23:31.3735239+08:00","default_while_anchor_running","3.883","30524","15344","0","5","3166","193","100","1","0","0","0","100","152"
"2026-05-28T21:23:31.4375239+08:00","default_while_anchor_running","3.947","30524","15344","0","5","3165","348","100","1","0","0","0","100","157"
"2026-05-28T21:23:31.5000340+08:00","default_while_anchor_running","4.009","30524","15344","0","5","3162","193","100","1","0","0","0","100","153"
"2026-05-28T21:23:31.5627529+08:00","default_while_anchor_running","4.072","30524","15344","0","5","3165","351","100","1","0","0","0","100","155"
"2026-05-28T21:23:31.6255275+08:00","default_while_anchor_running","4.135","30524","15344","0","5","3168","193","100","1","0","0","0","100","154"
"2026-05-28T21:23:31.6890356+08:00","default_while_anchor_running","4.198","30524","15344","0","5","3164","321","100","1","0","0","0","99","155"
"2026-05-28T21:23:31.7515315+08:00","default_while_anchor_running","4.261","30524","15344","0","5","3166","224","100","1","0","0","0","100","155"
"2026-05-28T21:23:31.8155341+08:00","default_while_anchor_running","4.325","30524","15344","0","5","3165","349","100","2","0","0","0","100","157"
"2026-05-28T21:23:31.8775385+08:00","default_while_anchor_running","4.387","30524","15344","0","5","3162","363","100","1","0","0","0","99","156"
"2026-05-28T21:23:31.9392865+08:00","default_while_anchor_running","4.448","30524","15344","0","5","3158","193","100","1","0","0","0","100","152"
"2026-05-28T21:23:32.0020374+08:00","default_while_anchor_running","4.511","30524","15344","0","5","3164","348","100","1","0","0","0","100","157"
"2026-05-28T21:23:32.0645334+08:00","default_while_anchor_running","4.574","30524","15344","0","5","3163","363","100","2","0","0","0","100","157"
"2026-05-28T21:23:32.1265369+08:00","default_while_anchor_running","4.636","30524","15344","0","5","3163","193","100","1","0","0","0","99","154"
"2026-05-28T21:23:32.1905408+08:00","default_while_anchor_running","4.7","30524","15344","0","5","3163","369","100","1","0","0","0","100","156"
"2026-05-28T21:23:32.2530100+08:00","default_while_anchor_running","4.762","30524","15344","0","5","3163","193","100","1","0","0","0","99","153"
"2026-05-28T21:23:32.3146692+08:00","default_while_anchor_running","4.824","30524","15344","0","5","3162","193","100","1","0","0","0","100","153"
"2026-05-28T21:23:32.3775383+08:00","default_while_anchor_running","4.887","30524","15344","0","5","3160","193","100","1","0","0","0","100","153"
"2026-05-28T21:23:32.4385350+08:00","default_while_anchor_running","4.948","30524","15344","0","5","3162","193","100","1","0","0","0","100","154"
"2026-05-28T21:23:32.5015429+08:00","default_while_anchor_running","5.011","30524","15344","0","5","3162","352","100","1","0","0","0","100","156"
"2026-05-28T21:23:32.5629974+08:00","default_while_anchor_running","5.073","30524","15344","0","5","3162","373","100","2","0","0","0","100","158"
"2026-05-28T21:23:32.6259857+08:00","default_while_anchor_running","5.135","30524","15344","0","5","3165","193","100","1","0","0","0","100","154"
"2026-05-28T21:23:32.6885504+08:00","default_while_anchor_running","5.198","30524","15344","0","5","3165","193","100","1","0","0","0","100","153"
"2026-05-28T21:23:32.7505564+08:00","default_while_anchor_running","5.26","30524","15344","0","5","3167","358","100","1","0","0","0","99","157"
"2026-05-28T21:23:32.8127234+08:00","default_while_anchor_running","5.322","30524","15344","0","5","3169","279","100","1","0","0","0","100","156"
"2026-05-28T21:23:32.8755442+08:00","default_while_anchor_running","5.385","30524","15344","0","5","3170","265","100","1","0","0","0","100","156"
"2026-05-28T21:23:32.9379426+08:00","default_while_anchor_running","5.447","30524","15344","0","5","3168","381","100","1","0","0","0","100","158"
"2026-05-28T21:23:32.9985437+08:00","default_while_anchor_running","5.509","30524","15344","0","5","3168","339","100","1","0","0","0","100","156"
"2026-05-28T21:23:33.0613281+08:00","default_while_anchor_running","5.57","30524","15344","0","5","3168","222","100","1","0","0","0","100","155"
"2026-05-28T21:23:33.1240711+08:00","default_while_anchor_running","5.633","30524","15344","0","5","3165","371","100","2","0","0","0","100","159"
"2026-05-28T21:23:33.1868356+08:00","default_while_anchor_running","5.696","30524","15344","0","5","3163","193","100","1","0","0","0","100","153"
"2026-05-28T21:23:33.2501627+08:00","default_while_anchor_running","5.759","30524","15344","0","5","3167","367","100","1","0","0","0","100","157"
"2026-05-28T21:23:33.3130178+08:00","default_while_anchor_running","5.822","30524","15344","0","5","3168","352","100","1","0","0","0","100","157"
"2026-05-28T21:23:33.3749677+08:00","default_while_anchor_running","5.884","30524","15344","0","5","3167","193","100","1","0","0","0","100","154"
"2026-05-28T21:23:33.4385656+08:00","default_while_anchor_running","5.948","30524","15344","0","5","3168","223","100","1","0","0","0","100","155"
"2026-05-28T21:23:33.5004516+08:00","default_while_anchor_running","6.01","30524","15344","0","5","3163","324","100","1","0","0","0","100","155"
"2026-05-28T21:23:33.5635611+08:00","default_while_anchor_running","6.073","30524","15344","0","5","3158","372","100","2","0","0","0","100","158"
"2026-05-28T21:23:33.6265668+08:00","default_while_anchor_running","6.136","30524","15344","0","5","3159","295","100","1","0","0","0","99","156"
"2026-05-28T21:23:33.6895546+08:00","default_while_anchor_running","6.199","30524","15344","0","5","3163","437","100","1","0","0","0","100","160"
"2026-05-28T21:23:33.7522801+08:00","default_while_anchor_running","6.261","30524","15344","0","5","3163","193","100","1","0","0","0","100","154"
"2026-05-28T21:23:33.8145565+08:00","default_while_anchor_running","6.324","30524","15344","0","5","3163","193","100","1","0","0","0","100","153"
"2026-05-28T21:23:33.8775344+08:00","default_while_anchor_running","6.387","30524","15344","0","5","3163","376","100","1","0","0","0","100","158"
"2026-05-28T21:23:33.9407622+08:00","default_while_anchor_running","6.45","30524","15344","0","5","3163","312","100","2","0","0","0","100","158"
"2026-05-28T21:23:34.0180987+08:00","default_while_anchor_running","6.527","30524","15344","0","5","3168","275","100","1","0","0","0","100","155"
"2026-05-28T21:23:34.0815610+08:00","default_while_anchor_running","6.591","30524","15344","0","5","3164","193","100","1","0","0","0","99","152"
"2026-05-28T21:23:34.1592943+08:00","default_while_anchor_running","6.668","30524","15344","0","5","3166","326","100","1","0","0","0","100","157"
"2026-05-28T21:23:34.2220386+08:00","default_while_anchor_running","6.731","30524","15344","0","5","3164","355","100","1","0","0","0","100","156"
"2026-05-28T21:23:34.2988900+08:00","default_while_anchor_running","6.808","30524","15344","0","5","3160","242","100","1","0","0","0","100","155"
"2026-05-28T21:23:34.3606512+08:00","default_while_anchor_running","6.87","30524","15344","0","5","3158","319","100","1","0","0","0","100","155"
"2026-05-28T21:23:34.4235706+08:00","default_while_anchor_running","6.933","30524","15344","0","5","3161","355","100","1","0","0","0","100","158"
"2026-05-28T21:23:34.4860557+08:00","default_while_anchor_running","6.995","30524","15344","0","5","3168","324","100","1","0","0","0","100","156"
"2026-05-28T21:23:34.5475771+08:00","default_while_anchor_running","7.057","30524","15344","0","5","3163","226","100","1","0","0","0","100","155"
"2026-05-28T21:23:34.6105664+08:00","default_while_anchor_running","7.12","30524","15344","0","5","3164","193","100","1","0","0","0","100","153"
"2026-05-28T21:23:34.6736428+08:00","default_while_anchor_running","7.183","30524","15344","0","5","3166","193","100","1","0","0","0","99","154"
"2026-05-28T21:23:34.7370300+08:00","default_while_anchor_running","7.246","30524","15344","0","5","3162","350","100","1","0","0","0","100","157"
"2026-05-28T21:23:34.7995921+08:00","default_while_anchor_running","7.309","30524","15344","0","5","3164","351","100","1","0","0","0","100","157"
"2026-05-28T21:23:34.8615850+08:00","default_while_anchor_running","7.371","30524","15344","0","5","3163","192","100","1","0","0","0","100","153"
"2026-05-28T21:23:34.9235789+08:00","default_while_anchor_running","7.433","30524","15344","0","5","3165","193","100","2","0","0","0","100","156"
"2026-05-28T21:23:34.9869138+08:00","default_while_anchor_running","7.496","30524","15344","0","5","3163","193","100","1","0","0","0","99","153"
"2026-05-28T21:23:35.0495744+08:00","default_while_anchor_running","7.559","30524","15344","0","5","3164","373","100","2","0","0","0","100","158"
"2026-05-28T21:23:35.1125744+08:00","default_while_anchor_running","7.622","30524","15344","0","5","3161","370","100","2","0","0","0","100","157"
"2026-05-28T21:23:35.1897365+08:00","default_while_anchor_running","7.699","30524","15344","0","5","3165","323","100","1","0","0","0","100","157"
"2026-05-28T21:23:35.2530308+08:00","default_while_anchor_running","7.762","30524","15344","0","5","3166","193","100","1","0","0","0","100","153"
"2026-05-28T21:23:35.3145865+08:00","default_while_anchor_running","7.824","30524","15344","0","5","3165","355","100","1","0","0","0","100","158"
"2026-05-28T21:23:35.3765884+08:00","default_while_anchor_running","7.886","30524","15344","0","5","3161","193","100","1","0","0","0","99","153"
"2026-05-28T21:23:35.4381390+08:00","default_while_anchor_running","7.948","30524","15344","0","5","3165","376","100","1","0","0","0","100","157"
"2026-05-28T21:23:35.5018956+08:00","default_while_anchor_running","8.011","30524","15344","0","5","3166","193","100","1","0","0","0","100","154"
"2026-05-28T21:23:35.5640018+08:00","default_while_anchor_running","8.073","30524","15344","0","5","3164","193","100","2","0","0","0","99","154"
"2026-05-28T21:23:35.6275903+08:00","default_while_anchor_running","8.137","30524","15344","0","5","3167","193","100","1","0","0","0","100","154"
"2026-05-28T21:23:35.6885813+08:00","default_while_anchor_running","8.198","30524","15344","0","5","3164","193","100","1","0","0","0","100","154"
"2026-05-28T21:23:35.7515850+08:00","default_while_anchor_running","8.261","30524","15344","0","5","3166","368","100","1","0","0","0","99","157"
"2026-05-28T21:23:35.8151738+08:00","default_while_anchor_running","8.324","30524","15344","0","5","3165","359","100","1","0","0","0","99","158"
"2026-05-28T21:23:35.8775951+08:00","default_while_anchor_running","8.387","30524","15344","0","5","3163","193","100","1","0","0","0","100","154"
"2026-05-28T21:23:35.9400349+08:00","default_while_anchor_running","8.449","30524","15344","0","5","3159","193","100","1","0","0","0","100","153"
"2026-05-28T21:23:36.0025969+08:00","default_while_anchor_running","8.512","30524","15344","0","5","3162","355","100","1","0","0","0","99","158"
"2026-05-28T21:23:36.0650399+08:00","default_while_anchor_running","8.574","30524","15344","0","5","3165","193","100","1","0","0","0","100","153"
"2026-05-28T21:23:36.1275897+08:00","default_while_anchor_running","8.637","30524","15344","0","5","3163","193","100","1","0","0","0","99","154"
"2026-05-28T21:23:36.1906847+08:00","default_while_anchor_running","8.7","30524","15344","0","5","3163","370","100","1","0","0","0","100","158"
"2026-05-28T21:23:36.2545924+08:00","default_while_anchor_running","8.764","30524","15344","0","5","3162","364","100","1","0","0","0","100","157"
"2026-05-28T21:23:36.3180563+08:00","default_while_anchor_running","8.827","30524","15344","0","5","3161","193","100","1","0","0","0","100","154"
"2026-05-28T21:23:36.3806125+08:00","default_while_anchor_running","8.89","30524","15344","0","5","3163","357","100","1","0","0","0","100","157"
"2026-05-28T21:23:36.4439866+08:00","default_while_anchor_running","8.953","30524","15344","0","5","3165","195","100","1","0","0","0","100","154"
"2026-05-28T21:23:36.5065687+08:00","default_while_anchor_running","9.016","30524","15344","0","5","3162","355","100","1","0","0","0","100","158"
"2026-05-28T21:23:36.5693687+08:00","default_while_anchor_running","9.079","30524","15344","0","5","3166","351","100","1","0","0","0","100","157"
"2026-05-28T21:23:36.6326190+08:00","default_while_anchor_running","9.142","30524","15344","0","5","3163","193","100","1","0","0","0","100","154"
"2026-05-28T21:23:36.6962738+08:00","default_while_anchor_running","9.205","30524","15344","0","5","3161","352","100","1","0","0","0","100","157"
"2026-05-28T21:23:36.7595970+08:00","default_while_anchor_running","9.269","30524","15344","0","5","3163","193","100","1","0","0","0","100","154"
"2026-05-28T21:23:36.8198437+08:00","default_while_anchor_running","9.33","30524","15344","0","5","3158","237","100","2","0","0","0","100","155"
"2026-05-28T21:23:36.8816022+08:00","default_while_anchor_running","9.391","30524","15344","0","5","3161","332","100","1","0","0","0","100","156"
"2026-05-28T21:23:36.9446013+08:00","default_while_anchor_running","9.454","30524","15344","0","5","3159","433","100","2","0","0","0","100","160"
"2026-05-28T21:23:37.0081280+08:00","default_while_anchor_running","9.517","30524","15344","0","5","3162","425","100","2","0","0","0","100","159"
"2026-05-28T21:23:37.0700913+08:00","default_while_anchor_running","9.579","30524","15344","0","5","3163","292","100","1","0","0","0","100","156"
"2026-05-28T21:23:37.1336229+08:00","default_while_anchor_running","9.643","30524","15344","0","5","3164","193","100","1","0","0","0","100","154"
"2026-05-28T21:23:37.1966120+08:00","default_while_anchor_running","9.706","30524","15344","0","5","3165","355","100","1","0","0","0","99","157"
"2026-05-28T21:23:37.2596226+08:00","default_while_anchor_running","9.769","30524","15344","0","5","3164","193","100","1","0","0","0","100","155"
"2026-05-28T21:23:37.3226069+08:00","default_while_anchor_running","9.832","30524","15344","0","5","3166","367","100","1","0","0","0","100","158"
"2026-05-28T21:23:37.3856127+08:00","default_while_anchor_running","9.895","30524","15344","0","5","3165","193","100","1","0","0","0","99","154"
"2026-05-28T21:23:37.4476105+08:00","default_while_anchor_running","9.957","30524","15344","0","5","3163","354","100","1","0","0","0","100","158"
"2026-05-28T21:23:37.5096094+08:00","default_while_anchor_running","10.019","30524","15344","0","5","3163","193","100","1","0","0","0","100","154"
"2026-05-28T21:23:37.5716153+08:00","default_while_anchor_running","10.081","30524","15344","0","5","3163","193","100","1","0","0","0","100","155"
"2026-05-28T21:23:37.6337006+08:00","default_while_anchor_running","10.143","30524","15344","0","5","3163","374","100","2","0","0","0","99","157"
"2026-05-28T21:23:37.6956103+08:00","default_while_anchor_running","10.205","30524","15344","0","5","3159","193","100","1","0","0","0","100","154"
"2026-05-28T21:23:37.7580659+08:00","default_while_anchor_running","10.267","30524","15344","0","5","3161","370","100","2","0","0","0","100","158"
"2026-05-28T21:23:37.8216233+08:00","default_while_anchor_running","10.331","30524","15344","0","5","3161","352","100","1","0","0","0","100","157"
"2026-05-28T21:23:37.8846565+08:00","default_while_anchor_running","10.394","30524","15344","0","5","3156","193","100","1","0","0","0","100","155"
"2026-05-28T21:23:37.9476220+08:00","default_while_anchor_running","10.457","30524","15344","0","5","3164","377","100","2","0","0","0","100","158"
"2026-05-28T21:23:38.0091883+08:00","default_while_anchor_running","10.519","30524","15344","0","5","3163","224","100","1","0","0","0","100","155"
"2026-05-28T21:23:38.0736429+08:00","default_while_anchor_running","10.583","30524","15344","0","5","3164","222","100","2","0","0","0","100","156"
"2026-05-28T21:23:38.1356237+08:00","default_while_anchor_running","10.645","30524","15344","0","5","3162","345","100","1","0","0","0","99","157"
"2026-05-28T21:23:38.1976650+08:00","default_while_anchor_running","10.707","30524","15344","0","5","3163","363","100","1","0","0","0","99","158"
"2026-05-28T21:23:38.2576380+08:00","default_while_anchor_running","10.768","30524","15344","0","5","3162","279","100","2","0","0","0","100","156"
"2026-05-28T21:23:38.3216266+08:00","default_while_anchor_running","10.831","30524","15344","0","5","3166","286","100","1","0","0","0","100","156"
"2026-05-28T21:23:38.3846211+08:00","default_while_anchor_running","10.894","30524","15344","0","5","3162","193","100","1","0","0","0","100","155"
"2026-05-28T21:23:38.4466675+08:00","default_while_anchor_running","10.956","30524","15344","0","5","3162","355","100","1","0","0","0","99","158"
"2026-05-28T21:23:38.5096237+08:00","default_while_anchor_running","11.019","30524","15344","0","5","3163","193","100","1","0","0","0","99","155"
"2026-05-28T21:23:38.5733979+08:00","default_while_anchor_running","11.082","30524","15344","0","5","3160","347","100","1","0","0","0","100","157"
"2026-05-28T21:23:38.6350200+08:00","default_while_anchor_running","11.144","30524","15344","0","5","3163","352","100","1","0","0","0","100","159"
"2026-05-28T21:23:38.6986265+08:00","default_while_anchor_running","11.208","30524","15344","0","5","3162","193","100","1","0","0","0","100","156"
"2026-05-28T21:23:38.7618662+08:00","default_while_anchor_running","11.271","30524","15344","0","5","3160","512","100","1","0","0","0","99","160"
"2026-05-28T21:23:38.8252896+08:00","default_while_anchor_running","11.334","30524","15344","0","5","3163","196","100","1","0","0","0","100","155"
"2026-05-28T21:23:38.8883878+08:00","default_while_anchor_running","11.398","30524","15344","0","5","3157","246","96","2","0","0","0","100","153"
"2026-05-28T21:23:38.9499010+08:00","default_while_anchor_running","11.459","30524","15344","0","5","1678","909","38","1","0","0","0","0","54"
"2026-05-28T21:23:39.0109786+08:00","default_while_anchor_running","11.521","30524","15344","0","5","1310","909","52","1","0","0","0","0","50"
"2026-05-28T21:23:39.0739796+08:00","default_while_anchor_running","11.583","30524","15344","0","5","1298","909","61","1","0","0","0","0","49"
"2026-05-28T21:23:39.1379804+08:00","default_while_anchor_running","11.647","30524","15344","0","5","1300","909","58","1","0","0","0","0","49"
"2026-05-28T21:23:39.2006002+08:00","default_while_anchor_running","11.711","30524","15344","0","5","1290","909","58","1","0","0","0","0","49"
"2026-05-28T21:23:39.2646004+08:00","default_while_anchor_running","11.775","30524","15344","0","5","1278","909","59","1","0","0","0","0","49"
"2026-05-28T21:23:39.3285996+08:00","default_while_anchor_running","11.839","30524","15344","0","5","1280","909","57","1","0","0","0","0","49"
"2026-05-28T21:23:39.3915997+08:00","default_while_anchor_running","11.902","30524","15344","0","5","1280","909","57","1","0","0","0","0","49"
"2026-05-28T21:23:39.4544516+08:00","default_while_anchor_running","11.965","30524","15344","0","5","1279","909","54","1","0","0","0","0","48"
"2026-05-28T21:23:39.5184512+08:00","default_while_anchor_running","12.029","30524","15344","0","5","1277","909","58","1","0","0","0","0","48"
"2026-05-28T21:23:39.5970670+08:00","default_while_anchor_running","12.107","30524","15344","0","5","1277","909","59","1","0","0","0","0","49"
"2026-05-28T21:23:39.6610671+08:00","default_while_anchor_running","12.171","30524","15344","0","5","1430","909","49","1","0","0","0","0","49"
"2026-05-28T21:23:39.7240664+08:00","default_while_anchor_running","12.234","30524","15344","0","5","1492","909","46","1","0","0","0","0","50"
"2026-05-28T21:23:39.7870675+08:00","default_while_anchor_running","12.297","30524","15344","0","5","1496","909","45","1","0","0","0","0","50"
"2026-05-28T21:23:39.8510671+08:00","default_while_anchor_running","12.361","30524","15344","0","5","1503","909","45","1","0","0","0","0","51"
"2026-05-28T21:23:39.9145792+08:00","default_while_anchor_running","12.425","30524","15344","0","5","1488","909","45","1","0","0","0","0","53"
"2026-05-28T21:23:39.9775785+08:00","default_while_anchor_running","12.488","30524","15344","0","5","1497","909","44","1","0","0","0","0","50"
"2026-05-28T21:23:40.0405783+08:00","default_while_anchor_running","12.551","30524","15344","0","5","1498","909","44","1","0","0","0","0","49"
"2026-05-28T21:23:40.1045803+08:00","default_while_anchor_running","12.614","30524","15344","0","5","1495","909","45","1","0","0","0","0","50"
"2026-05-28T21:23:40.1665785+08:00","default_while_anchor_running","12.676","30524","15344","0","5","1505","909","46","1","0","0","0","0","49"
"2026-05-28T21:23:40.2285791+08:00","default_while_anchor_running","12.739","30524","15344","0","5","1505","909","47","1","0","0","0","0","50"
"2026-05-28T21:23:40.2933827+08:00","default_while_anchor_running","12.802","30524","15344","0","5","1495","909","45","1","0","0","0","0","50"
"2026-05-28T21:23:40.3553831+08:00","default_while_anchor_running","12.864","30524","15344","0","5","1508","909","46","1","0","0","0","0","50"
"2026-05-28T21:23:40.4200244+08:00","idle_after_all","12.929","30524","15344","0","5","1380","909","22","0","0","0","0","0","43"
"2026-05-28T21:23:40.5260237+08:00","idle_after_all","13.035","30524","15344","0","5","181","909","11","0","0","0","0","0","42"
"2026-05-28T21:23:40.6360231+08:00","idle_after_all","13.144","30524","15344","0","5","127","909","8","0","0","0","0","0","42"
"2026-05-28T21:23:40.7460240+08:00","idle_after_all","13.255","30524","15344","0","5","179","909","11","0","0","0","0","0","41"
"2026-05-28T21:23:40.8554758+08:00","idle_after_all","13.366","30524","15344","0","5","126","909","8","0","0","0","0","0","41"
"2026-05-28T21:23:40.9646371+08:00","idle_after_all","13.473","30524","15344","0","5","135","909","9","0","0","0","0","0","41"
"2026-05-28T21:23:41.0714695+08:00","idle_after_all","13.581","30524","15344","0","5","85","909","6","0","0","0","0","0","41"
"2026-05-28T21:23:41.1812420+08:00","idle_after_all","13.689","30524","15344","0","5","86","909","5","0","0","0","0","0","40"
"2026-05-28T21:23:41.2902453+08:00","idle_after_all","13.799","30524","15344","0","5","77","297","4","0","0","0","0","0","27"
"2026-05-28T21:23:41.4016769+08:00","idle_after_all","13.91","30524","15344","0","5","117","52","5","0","0","0","0","0","22"
