WG_METRICS_HEADER frame,q1_shards,q1_shard_capacity,gpu_frame_ms,reset_ms,reset_barrier_ms,compute_ms,metrics_copy_ms,render_ms,q2_shards,q2_shard_capacity,edges,vertices,edges_per_ms,vertices_per_ms,q1_deq_attempt_mean,q1_deq_attempt_max,q1_deq_attempt_imbalance,q1_deq_cas_fail_mean,q1_deq_cas_fail_max,q1_deq_probe_mean,q1_deq_probe_max,q1_deq_probe_imbalance,q1_enq_attempt_mean,q1_enq_attempt_max,q1_enq_attempt_imbalance,q1_high_water_mean,q1_high_water_max,q1_enq_ok,q1_enq_cas_fail,q1_enq_full,q1_deq_ok,q1_deq_cas_fail,q1_deq_empty,q1_ready_cas_fail,q1_ready_max_spin,q1_high_water,q2_enq_ok,q2_enq_cas_fail,q2_enq_full,q2_deq_ok,q2_deq_cas_fail,q2_deq_empty,q2_ready_cas_fail,q2_ready_max_spin,q2_high_water,q2_deq_batches,q2_deq_batch_slots,q2_deq_batch_cas_attempts,q2_deq_batch_cas_fail,q2_deq_batch_empty,q2_deq_batch_partial,q2_deq_slots_per_batch,q2_deq_batch_enabled,q2_deq_batch_limit,node_a_seed,node_b_tasks,node_b_subdivide,node_b_final,node_c_output,stop_writes
WG_METRICS 1,256,768,1.9832,0.0107,0.0076,1.9163,0.0056,0.0430,256,768,196608,393216,102598.7812,205197.5625,0.0000,0,0.0000,0.0000,0,0.0000,0,0.0000,0.0000,0,0.0000,0.0000,0,0,0,0,0,0,0,0,0,0,0,0,0,0,0,0,0,0,0,0,0,0,0,0,0,0.0000,0,32,0,0,0,0,0,0
WG_METRICS 2,256,768,1.9636,0.0094,0.0076,1.9039,0.0062,0.0365,256,768,196608,393216,103267.0156,206534.0312,0.0000,0,0.0000,0.0000,0,0.0000,0,0.0000,0.0000,0,0.0000,0.0000,0,0,0,0,0,0,0,0,0,0,0,0,0,0,0,0,0,0,0,0,0,0,0,0,0,0.0000,0,32,0,0,0,0,0,0
WG_METRICS 3,256,768,1.9476,0.0094,0.0076,1.8771,0.0178,0.0357,256,768,196608,393216,104741.4062,209482.8125,0.0000,0,0.0000,0.0000,0,0.0000,0,0.0000,0.0000,0,0.0000,0.0000,0,0,0,0,0,0,0,0,0,0,0,0,0,0,0,0,0,0,0,0,0,0,0,0,0,0.0000,0,32,0,0,0,0,0,0
WG_METRICS 4,256,768,1.9639,0.0094,0.0076,1.8932,0.0178,0.0359,256,768,196608,393216,103851.7656,207703.5312,0.0000,0,0.0000,0.0000,0,0.0000,0,0.0000,0.0000,0,0.0000,0.0000,0,0,0,0,0,0,0,0,0,0,0,0,0,0,0,0,0,0,0,0,0,0,0,0,0,0.0000,0,32,0,0,0,0,0,0
WG_METRICS 5,256,768,1.9693,0.0094,0.0076,1.8985,0.0178,0.0359,256,768,196608,393216,103558.5625,207117.1250,0.0000,0,0.0000,0.0000,0,0.0000,0,0.0000,0.0000,0,0.0000,0.0000,0,0,0,0,0,0,0,0,0,0,0,0,0,0,0,0,0,0,0,0,0,0,0,0,0,0.0000,0,32,0,0,0,0,0,0
WG_METRICS 6,256,768,1.9819,0.0094,0.0076,1.9174,0.0095,0.0380,256,768,196608,393216,102541.0000,205082.0000,0.0000,0,0.0000,0.0000,0,0.0000,0,0.0000,0.0000,0,0.0000,0.0000,0,0,0,0,0,0,0,0,0,0,0,0,0,0,0,0,0,0,0,0,0,0,0,0,0,0.0000,0,32,0,0,0,0,0,0
WG_METRICS 7,256,768,1.9564,0.0094,0.0076,1.8841,0.0178,0.0374,256,768,196608,393216,104352.2500,208704.5000,0.0000,0,0.0000,0.0000,0,0.0000,0,0.0000,0.0000,0,0.0000,0.0000,0,0,0,0,0,0,0,0,0,0,0,0,0,0,0,0,0,0,0,0,0,0,0,0,0,0.0000,0,32,0,0,0,0,0,0
WG_METRICS 8,256,768,1.9567,0.0094,0.0076,1.8864,0.0178,0.0356,256,768,196608,393216,104226.1250,208452.2500,0.0000,0,0.0000,0.0000,0,0.0000,0,0.0000,0.0000,0,0.0000,0.0000,0,0,0,0,0,0,0,0,0,0,0,0,0,0,0,0,0,0,0,0,0,0,0,0,0,0.0000,0,32,0,0,0,0,0,0
WG_METRICS 9,256,768,2.0160,0.0094,0.0076,1.9446,0.0178,0.0366,256,768,196608,393216,101104.6016,202209.2031,0.0000,0,0.0000,0.0000,0,0.0000,0,0.0000,0.0000,0,0.0000,0.0000,0,0,0,0,0,0,0,0,0,0,0,0,0,0,0,0,0,0,0,0,0,0,0,0,0,0.0000,0,32,0,0,0,0,0,0
WG_METRICS 10,256,768,1.9593,0.0094,0.0076,1.8919,0.0138,0.0366,256,768,196608,393216,103922.0234,207844.0469,0.0000,0,0.0000,0.0000,0,0.0000,0,0.0000,0.0000,0,0.0000,0.0000,0,0,0,0,0,0,0,0,0,0,0,0,0,0,0,0,0,0,0,0,0,0,0,0,0,0.0000,0,32,0,0,0,0,0,0
WG_METRICS 11,256,768,1.9287,0.0094,0.0076,1.8666,0.0099,0.0352,256,768,196608,393216,105329.4766,210658.9531,0.0000,0,0.0000,0.0000,0,0.0000,0,0.0000,0.0000,0,0.0000,0.0000,0,0,0,0,0,0,0,0,0,0,0,0,0,0,0,0,0,0,0,0,0,0,0,0,0,0.0000,0,32,0,0,0,0,0,0
WG_METRICS 12,256,768,1.9617,0.0094,0.0076,1.8921,0.0170,0.0356,256,768,196608,393216,103911.0391,207822.0781,0.0000,0,0.0000,0.0000,0,0.0000,0,0.0000,0.0000,0,0.0000,0.0000,0,0,0,0,0,0,0,0,0,0,0,0,0,0,0,0,0,0,0,0,0,0,0,0,0,0.0000,0,32,0,0,0,0,0,0
WG_METRICS 13,256,768,1.9325,0.0089,0.0071,1.8713,0.0135,0.0317,256,768,196608,393216,105063.8047,210127.6094,0.0000,0,0.0000,0.0000,0,0.0000,0,0.0000,0.0000,0,0.0000,0.0000,0,0,0,0,0,0,0,0,0,0,0,0,0,0,0,0,0,0,0,0,0,0,0,0,0,0.0000,0,32,0,0,0,0,0,0
WG_METRICS 14,256,768,1.9538,0.0093,0.0076,1.8889,0.0135,0.0346,256,768,196608,393216,104087.0781,208174.1562,0.0000,0,0.0000,0.0000,0,0.0000,0,0.0000,0.0000,0,0.0000,0.0000,0,0,0,0,0,0,0,0,0,0,0,0,0,0,0,0,0,0,0,0,0,0,0,0,0,0.0000,0,32,0,0,0,0,0,0
WG_METRICS 15,256,768,1.9463,0.0094,0.0076,1.8801,0.0134,0.0358,256,768,196608,393216,104574.2734,209148.5469,0.0000,0,0.0000,0.0000,0,0.0000,0,0.0000,0.0000,0,0.0000,0.0000,0,0,0,0,0,0,0,0,0,0,0,0,0,0,0,0,0,0,0,0,0,0,0,0,0,0.0000,0,32,0,0,0,0,0,0
WG_METRICS 16,256,768,1.9426,0.0094,0.0076,1.8754,0.0137,0.0364,256,768,196608,393216,104833.0000,209666.0000,0.0000,0,0.0000,0.0000,0,0.0000,0,0.0000,0.0000,0,0.0000,0.0000,0,0,0,0,0,0,0,0,0,0,0,0,0,0,0,0,0,0,0,0,0,0,0,0,0,0.0000,0,32,0,0,0,0,0,0
WG_METRICS 17,256,768,1.9689,0.0095,0.0076,1.8958,0.0178,0.0382,256,768,196608,393216,103707.1406,207414.2812,0.0000,0,0.0000,0.0000,0,0.0000,0,0.0000,0.0000,0,0.0000,0.0000,0,0,0,0,0,0,0,0,0,0,0,0,0,0,0,0,0,0,0,0,0,0,0,0,0,0.0000,0,32,0,0,0,0,0,0
WG_METRICS 18,256,768,1.9477,0.0094,0.0076,1.8743,0.0178,0.0386,256,768,196608,393216,104897.8828,209795.7656,0.0000,0,0.0000,0.0000,0,0.0000,0,0.0000,0.0000,0,0.0000,0.0000,0,0,0,0,0,0,0,0,0,0,0,0,0,0,0,0,0,0,0,0,0,0,0,0,0,0.0000,0,32,0,0,0,0,0,0
WG_METRICS 19,256,768,1.9294,0.0093,0.0076,1.8624,0.0135,0.0366,256,768,196608,393216,105564.7422,211129.4844,0.0000,0,0.0000,0.0000,0,0.0000,0,0.0000,0.0000,0,0.0000,0.0000,0,0,0,0,0,0,0,0,0,0,0,0,0,0,0,0,0,0,0,0,0,0,0,0,0,0.0000,0,32,0,0,0,0,0,0
WG_METRICS 20,256,768,1.9209,0.0094,0.0076,1.8583,0.0096,0.0359,256,768,196608,393216,105801.0703,211602.1406,0.0000,0,0.0000,0.0000,0,0.0000,0,0.0000,0.0000,0,0.0000,0.0000,0,0,0,0,0,0,0,0,0,0,0,0,0,0,0,0,0,0,0,0,0,0,0,0,0,0.0000,0,32,0,0,0,0,0,0
WG_METRICS 21,256,768,1.9227,0.0094,0.0076,1.8556,0.0135,0.0366,256,768,196608,393216,105953.8672,211907.7344,0.0000,0,0.0000,0.0000,0,0.0000,0,0.0000,0.0000,0,0.0000,0.0000,0,0,0,0,0,0,0,0,0,0,0,0,0,0,0,0,0,0,0,0,0,0,0,0,0,0.0000,0,32,0,0,0,0,0,0
WG_METRICS 22,256,768,1.9362,0.0094,0.0076,1.8642,0.0178,0.0372,256,768,196608,393216,105465.0781,210930.1562,0.0000,0,0.0000,0.0000,0,0.0000,0,0.0000,0.0000,0,0.0000,0.0000,0,0,0,0,0,0,0,0,0,0,0,0,0,0,0,0,0,0,0,0,0,0,0,0,0,0.0000,0,32,0,0,0,0,0,0
WG_METRICS 23,256,768,1.9154,0.0094,0.0077,1.8449,0.0179,0.0356,256,768,196608,393216,106569.5312,213139.0625,0.0000,0,0.0000,0.0000,0,0.0000,0,0.0000,0.0000,0,0.0000,0.0000,0,0,0,0,0,0,0,0,0,0,0,0,0,0,0,0,0,0,0,0,0,0,0,0,0,0.0000,0,32,0,0,0,0,0,0
WG_METRICS 24,256,768,1.9549,0.0094,0.0076,1.8842,0.0178,0.0358,256,768,196608,393216,104343.3906,208686.7812,0.0000,0,0.0000,0.0000,0,0.0000,0,0.0000,0.0000,0,0.0000,0.0000,0,0,0,0,0,0,0,0,0,0,0,0,0,0,0,0,0,0,0,0,0,0,0,0,0,0.0000,0,32,0,0,0,0,0,0
WG_METRICS 25,256,768,1.9520,0.0094,0.0076,1.8818,0.0170,0.0362,256,768,196608,393216,104476.4688,208952.9375,0.0000,0,0.0000,0.0000,0,0.0000,0,0.0000,0.0000,0,0.0000,0.0000,0,0,0,0,0,0,0,0,0,0,0,0,0,0,0,0,0,0,0,0,0,0,0,0,0,0.0000,0,32,0,0,0,0,0,0
WG_METRICS 26,256,768,1.9034,0.0094,0.0076,1.8375,0.0135,0.0354,256,768,196608,393216,106998.7188,213997.4375,0.0000,0,0.0000,0.0000,0,0.0000,0,0.0000,0.0000,0,0.0000,0.0000,0,0,0,0,0,0,0,0,0,0,0,0,0,0,0,0,0,0,0,0,0,0,0,0,0,0.0000,0,32,0,0,0,0,0,0
WG_METRICS 27,256,768,1.9618,0.0094,0.0076,1.8894,0.0178,0.0375,256,768,196608,393216,104056.2344,208112.4688,0.0000,0,0.0000,0.0000,0,0.0000,0,0.0000,0.0000,0,0.0000,0.0000,0,0,0,0,0,0,0,0,0,0,0,0,0,0,0,0,0,0,0,0,0,0,0,0,0,0.0000,0,32,0,0,0,0,0,0
WG_METRICS 28,256,768,1.9270,0.0094,0.0076,1.8600,0.0093,0.0408,256,768,196608,393216,105705.5000,211411.0000,0.0000,0,0.0000,0.0000,0,0.0000,0,0.0000,0.0000,0,0.0000,0.0000,0,0,0,0,0,0,0,0,0,0,0,0,0,0,0,0,0,0,0,0,0,0,0,0,0,0.0000,0,32,0,0,0,0,0,0
WG_METRICS 29,256,768,1.9308,0.0095,0.0076,1.8595,0.0179,0.0364,256,768,196608,393216,105732.7812,211465.5625,0.0000,0,0.0000,0.0000,0,0.0000,0,0.0000,0.0000,0,0.0000,0.0000,0,0,0,0,0,0,0,0,0,0,0,0,0,0,0,0,0,0,0,0,0,0,0,0,0,0.0000,0,32,0,0,0,0,0,0
WG_METRICS 30,256,768,1.9396,0.0094,0.0076,1.8700,0.0171,0.0354,256,768,196608,393216,105135.7188,210271.4375,0.0000,0,0.0000,0.0000,0,0.0000,0,0.0000,0.0000,0,0.0000,0.0000,0,0,0,0,0,0,0,0,0,0,0,0,0,0,0,0,0,0,0,0,0,0,0,0,0,0.0000,0,32,0,0,0,0,0,0
WG_METRICS 31,256,768,1.9467,0.0094,0.0076,1.8746,0.0178,0.0373,256,768,196608,393216,104882.2109,209764.4219,0.0000,0,0.0000,0.0000,0,0.0000,0,0.0000,0.0000,0,0.0000,0.0000,0,0,0,0,0,0,0,0,0,0,0,0,0,0,0,0,0,0,0,0,0,0,0,0,0,0.0000,0,32,0,0,0,0,0,0
WG_METRICS 32,256,768,1.9270,0.0094,0.0076,1.8635,0.0095,0.0370,256,768,196608,393216,105503.5625,211007.1250,0.0000,0,0.0000,0.0000,0,0.0000,0,0.0000,0.0000,0,0.0000,0.0000,0,0,0,0,0,0,0,0,0,0,0,0,0,0,0,0,0,0,0,0,0,0,0,0,0,0.0000,0,32,0,0,0,0,0,0
WG_METRICS 33,256,768,1.9042,0.0089,0.0070,1.8380,0.0178,0.0325,256,768,196608,393216,106968.4375,213936.8750,0.0000,0,0.0000,0.0000,0,0.0000,0,0.0000,0.0000,0,0.0000,0.0000,0,0,0,0,0,0,0,0,0,0,0,0,0,0,0,0,0,0,0,0,0,0,0,0,0,0.0000,0,32,0,0,0,0,0,0
WG_METRICS 34,256,768,1.9483,0.0088,0.0071,1.8904,0.0105,0.0314,256,768,196608,393216,104005.5859,208011.1719,0.0000,0,0.0000,0.0000,0,0.0000,0,0.0000,0.0000,0,0.0000,0.0000,0,0,0,0,0,0,0,0,0,0,0,0,0,0,0,0,0,0,0,0,0,0,0,0,0,0.0000,0,32,0,0,0,0,0,0
WG_METRICS 35,256,768,1.9197,0.0089,0.0070,1.8542,0.0178,0.0318,256,768,196608,393216,106031.5859,212063.1719,0.0000,0,0.0000,0.0000,0,0.0000,0,0.0000,0.0000,0,0.0000,0.0000,0,0,0,0,0,0,0,0,0,0,0,0,0,0,0,0,0,0,0,0,0,0,0,0,0,0.0000,0,32,0,0,0,0,0,0
WG_METRICS 36,256,768,1.9594,0.0088,0.0070,1.8957,0.0166,0.0313,256,768,196608,393216,103713.7109,207427.4219,0.0000,0,0.0000,0.0000,0,0.0000,0,0.0000,0.0000,0,0.0000,0.0000,0,0,0,0,0,0,0,0,0,0,0,0,0,0,0,0,0,0,0,0,0,0,0,0,0,0.0000,0,32,0,0,0,0,0,0
WG_METRICS 37,256,768,1.9267,0.0089,0.0070,1.8615,0.0178,0.0314,256,768,196608,393216,105616.9141,211233.8281,0.0000,0,0.0000,0.0000,0,0.0000,0,0.0000,0.0000,0,0.0000,0.0000,0,0,0,0,0,0,0,0,0,0,0,0,0,0,0,0,0,0,0,0,0,0,0,0,0,0.0000,0,32,0,0,0,0,0,0
WG_METRICS 38,256,768,1.9285,0.0090,0.0070,1.8704,0.0108,0.0314,256,768,196608,393216,105113.2344,210226.4688,0.0000,0,0.0000,0.0000,0,0.0000,0,0.0000,0.0000,0,0.0000,0.0000,0,0,0,0,0,0,0,0,0,0,0,0,0,0,0,0,0,0,0,0,0,0,0,0,0,0.0000,0,32,0,0,0,0,0,0
WG_METRICS 39,256,768,1.9740,0.0089,0.0070,1.9087,0.0178,0.0315,256,768,196608,393216,103005.1562,206010.3125,0.0000,0,0.0000,0.0000,0,0.0000,0,0.0000,0.0000,0,0.0000,0.0000,0,0,0,0,0,0,0,0,0,0,0,0,0,0,0,0,0,0,0,0,0,0,0,0,0,0.0000,0,32,0,0,0,0,0,0
WG_METRICS 40,256,768,2.2765,0.0088,0.0070,1.8360,0.0178,0.4068,256,768,196608,393216,107082.6328,214165.2656,0.0000,0,0.0000,0.0000,0,0.0000,0,0.0000,0.0000,0,0.0000,0.0000,0,0,0,0,0,0,0,0,0,0,0,0,0,0,0,0,0,0,0,0,0,0,0,0,0,0.0000,0,32,0,0,0,0,0,0
WG_METRICS 41,256,768,1.9613,0.0093,0.0076,1.8894,0.0180,0.0370,256,768,196608,393216,104058.4297,208116.8594,0.0000,0,0.0000,0.0000,0,0.0000,0,0.0000,0.0000,0,0.0000,0.0000,0,0,0,0,0,0,0,0,0,0,0,0,0,0,0,0,0,0,0,0,0,0,0,0,0,0.0000,0,32,0,0,0,0,0,0
WG_METRICS 42,256,768,1.9471,0.0093,0.0076,1.8775,0.0178,0.0349,256,768,196608,393216,104716.8594,209433.7188,0.0000,0,0.0000,0.0000,0,0.0000,0,0.0000,0.0000,0,0.0000,0.0000,0,0,0,0,0,0,0,0,0,0,0,0,0,0,0,0,0,0,0,0,0,0,0,0,0,0.0000,0,32,0,0,0,0,0,0
WG_METRICS 43,256,768,1.9260,0.0094,0.0076,1.8542,0.0179,0.0370,256,768,196608,393216,106036.1562,212072.3125,0.0000,0,0.0000,0.0000,0,0.0000,0,0.0000,0.0000,0,0.0000,0.0000,0,0,0,0,0,0,0,0,0,0,0,0,0,0,0,0,0,0,0,0,0,0,0,0,0,0.0000,0,32,0,0,0,0,0,0
WG_METRICS 44,256,768,1.9743,0.0094,0.0075,1.9044,0.0178,0.0351,256,768,196608,393216,103238.8125,206477.6250,0.0000,0,0.0000,0.0000,0,0.0000,0,0.0000,0.0000,0,0.0000,0.0000,0,0,0,0,0,0,0,0,0,0,0,0,0,0,0,0,0,0,0,0,0,0,0,0,0,0.0000,0,32,0,0,0,0,0,0
WG_METRICS 45,256,768,1.9655,0.0094,0.0076,1.8959,0.0168,0.0358,256,768,196608,393216,103700.5781,207401.1562,0.0000,0,0.0000,0.0000,0,0.0000,0,0.0000,0.0000,0,0.0000,0.0000,0,0,0,0,0,0,0,0,0,0,0,0,0,0,0,0,0,0,0,0,0,0,0,0,0,0.0000,0,32,0,0,0,0,0,0
WG_METRICS 46,256,768,1.9446,0.0095,0.0076,1.8700,0.0178,0.0397,256,768,196608,393216,105137.9688,210275.9375,0.0000,0,0.0000,0.0000,0,0.0000,0,0.0000,0.0000,0,0.0000,0.0000,0,0,0,0,0,0,0,0,0,0,0,0,0,0,0,0,0,0,0,0,0,0,0,0,0,0.0000,0,32,0,0,0,0,0,0
WG_METRICS 47,256,768,1.9439,0.0094,0.0076,1.8725,0.0178,0.0365,256,768,196608,393216,104996.4766,209992.9531,0.0000,0,0.0000,0.0000,0,0.0000,0,0.0000,0.0000,0,0.0000,0.0000,0,0,0,0,0,0,0,0,0,0,0,0,0,0,0,0,0,0,0,0,0,0,0,0,0,0.0000,0,32,0,0,0,0,0,0
WG_METRICS 48,256,768,1.9461,0.0094,0.0076,1.8725,0.0178,0.0388,256,768,196608,393216,104998.7188,209997.4375,0.0000,0,0.0000,0.0000,0,0.0000,0,0.0000,0.0000,0,0.0000,0.0000,0,0,0,0,0,0,0,0,0,0,0,0,0,0,0,0,0,0,0,0,0,0,0,0,0,0.0000,0,32,0,0,0,0,0,0
WG_METRICS 49,256,768,1.9244,0.0094,0.0077,1.8538,0.0178,0.0356,256,768,196608,393216,106054.4609,212108.9219,0.0000,0,0.0000,0.0000,0,0.0000,0,0.0000,0.0000,0,0.0000,0.0000,0,0,0,0,0,0,0,0,0,0,0,0,0,0,0,0,0,0,0,0,0,0,0,0,0,0.0000,0,32,0,0,0,0,0,0
WG_METRICS 50,256,768,1.9289,0.0094,0.0076,1.8560,0.0177,0.0381,256,768,196608,393216,105928.7500,211857.5000,0.0000,0,0.0000,0.0000,0,0.0000,0,0.0000,0.0000,0,0.0000,0.0000,0,0,0,0,0,0,0,0,0,0,0,0,0,0,0,0,0,0,0,0,0,0,0,0,0,0.0000,0,32,0,0,0,0,0,0
WG_METRICS 51,256,768,1.9350,0.0094,0.0076,1.8634,0.0178,0.0368,256,768,196608,393216,105508.0938,211016.1875,0.0000,0,0.0000,0.0000,0,0.0000,0,0.0000,0.0000,0,0.0000,0.0000,0,0,0,0,0,0,0,0,0,0,0,0,0,0,0,0,0,0,0,0,0,0,0,0,0,0.0000,0,32,0,0,0,0,0,0
WG_METRICS 52,256,768,1.9225,0.0094,0.0076,1.8516,0.0178,0.0362,256,768,196608,393216,106185.0547,212370.1094,0.0000,0,0.0000,0.0000,0,0.0000,0,0.0000,0.0000,0,0.0000,0.0000,0,0,0,0,0,0,0,0,0,0,0,0,0,0,0,0,0,0,0,0,0,0,0,0,0,0.0000,0,32,0,0,0,0,0,0
WG_METRICS 53,256,768,1.9098,0.0094,0.0076,1.8383,0.0178,0.0366,256,768,196608,393216,106952.1562,213904.3125,0.0000,0,0.0000,0.0000,0,0.0000,0,0.0000,0.0000,0,0.0000,0.0000,0,0,0,0,0,0,0,0,0,0,0,0,0,0,0,0,0,0,0,0,0,0,0,0,0,0.0000,0,32,0,0,0,0,0,0
WG_METRICS 54,256,768,1.9371,0.0094,0.0076,1.8662,0.0178,0.0360,256,768,196608,393216,105349.7891,210699.5781,0.0000,0,0.0000,0.0000,0,0.0000,0,0.0000,0.0000,0,0.0000,0.0000,0,0,0,0,0,0,0,0,0,0,0,0,0,0,0,0,0,0,0,0,0,0,0,0,0,0.0000,0,32,0,0,0,0,0,0
WG_METRICS 55,256,768,1.9620,0.0094,0.0076,1.8896,0.0178,0.0376,256,768,196608,393216,104049.6172,208099.2344,0.0000,0,0.0000,0.0000,0,0.0000,0,0.0000,0.0000,0,0.0000,0.0000,0,0,0,0,0,0,0,0,0,0,0,0,0,0,0,0,0,0,0,0,0,0,0,0,0,0.0000,0,32,0,0,0,0,0,0
WG_METRICS 56,256,768,1.9229,0.0094,0.0076,1.8515,0.0178,0.0366,256,768,196608,393216,106189.6406,212379.2812,0.0000,0,0.0000,0.0000,0,0.0000,0,0.0000,0.0000,0,0.0000,0.0000,0,0,0,0,0,0,0,0,0,0,0,0,0,0,0,0,0,0,0,0,0,0,0,0,0,0.0000,0,32,0,0,0,0,0,0
WG_METRICS 57,256,768,1.9438,0.0094,0.0076,1.8728,0.0178,0.0362,256,768,196608,393216,104980.7812,209961.5625,0.0000,0,0.0000,0.0000,0,0.0000,0,0.0000,0.0000,0,0.0000,0.0000,0,0,0,0,0,0,0,0,0,0,0,0,0,0,0,0,0,0,0,0,0,0,0,0,0,0.0000,0,32,0,0,0,0,0,0
WG_METRICS 58,256,768,1.9547,0.0094,0.0076,1.8836,0.0178,0.0363,256,768,196608,393216,104376.6328,208753.2656,0.0000,0,0.0000,0.0000,0,0.0000,0,0.0000,0.0000,0,0.0000,0.0000,0,0,0,0,0,0,0,0,0,0,0,0,0,0,0,0,0,0,0,0,0,0,0,0,0,0.0000,0,32,0,0,0,0,0,0
WG_METRICS 59,256,768,1.9497,0.0094,0.0076,1.8719,0.0254,0.0354,256,768,196608,393216,105030.1328,210060.2656,0.0000,0,0.0000,0.0000,0,0.0000,0,0.0000,0.0000,0,0.0000,0.0000,0,0,0,0,0,0,0,0,0,0,0,0,0,0,0,0,0,0,0,0,0,0,0,0,0,0.0000,0,32,0,0,0,0,0,0
WG_METRICS 60,256,768,1.9344,0.0094,0.0076,1.8613,0.0178,0.0383,256,768,196608,393216,105630.5391,211261.0781,0.0000,0,0.0000,0.0000,0,0.0000,0,0.0000,0.0000,0,0.0000,0.0000,0,0,0,0,0,0,0,0,0,0,0,0,0,0,0,0,0,0,0,0,0,0,0,0,0,0.0000,0,32,0,0,0,0,0,0
WG_METRICS 61,256,768,1.9361,0.0093,0.0076,1.8569,0.0256,0.0366,256,768,196608,393216,105878.5547,211757.1094,0.0000,0,0.0000,0.0000,0,0.0000,0,0.0000,0.0000,0,0.0000,0.0000,0,0,0,0,0,0,0,0,0,0,0,0,0,0,0,0,0,0,0,0,0,0,0,0,0,0.0000,0,32,0,0,0,0,0,0
WG_METRICS 62,256,768,1.9430,0.0094,0.0076,1.8730,0.0178,0.0351,256,768,196608,393216,104967.3281,209934.6562,0.0000,0,0.0000,0.0000,0,0.0000,0,0.0000,0.0000,0,0.0000,0.0000,0,0,0,0,0,0,0,0,0,0,0,0,0,0,0,0,0,0,0,0,0,0,0,0,0,0.0000,0,32,0,0,0,0,0,0
WG_METRICS 63,256,768,1.9202,0.0093,0.0076,1.8552,0.0124,0.0356,256,768,196608,393216,105974.4297,211948.8594,0.0000,0,0.0000,0.0000,0,0.0000,0,0.0000,0.0000,0,0.0000,0.0000,0,0,0,0,0,0,0,0,0,0,0,0,0,0,0,0,0,0,0,0,0,0,0,0,0,0.0000,0,32,0,0,0,0,0,0
WG_METRICS 64,256,768,1.9263,0.0094,0.0076,1.8562,0.0180,0.0351,256,768,196608,393216,105921.8984,211843.7969,0.0000,0,0.0000,0.0000,0,0.0000,0,0.0000,0.0000,0,0.0000,0.0000,0,0,0,0,0,0,0,0,0,0,0,0,0,0,0,0,0,0,0,0,0,0,0,0,0,0.0000,0,32,0,0,0,0,0,0
WG_METRICS 65,256,768,1.9396,0.0094,0.0076,1.8678,0.0178,0.0370,256,768,196608,393216,105259.5469,210519.0938,0.0000,0,0.0000,0.0000,0,0.0000,0,0.0000,0.0000,0,0.0000,0.0000,0,0,0,0,0,0,0,0,0,0,0,0,0,0,0,0,0,0,0,0,0,0,0,0,0,0.0000,0,32,0,0,0,0,0,0
WG_METRICS 66,256,768,1.9334,0.0094,0.0076,1.8608,0.0178,0.0378,256,768,196608,393216,105660.0547,211320.1094,0.0000,0,0.0000,0.0000,0,0.0000,0,0.0000,0.0000,0,0.0000,0.0000,0,0,0,0,0,0,0,0,0,0,0,0,0,0,0,0,0,0,0,0,0,0,0,0,0,0.0000,0,32,0,0,0,0,0,0
WG_METRICS 67,256,768,1.9193,0.0093,0.0075,1.8489,0.0178,0.0357,256,768,196608,393216,106336.6719,212673.3438,0.0000,0,0.0000,0.0000,0,0.0000,0,0.0000,0.0000,0,0.0000,0.0000,0,0,0,0,0,0,0,0,0,0,0,0,0,0,0,0,0,0,0,0,0,0,0,0,0,0.0000,0,32,0,0,0,0,0,0
WG_METRICS 68,256,768,1.9537,0.0094,0.0076,1.8820,0.0178,0.0370,256,768,196608,393216,104467.5859,208935.1719,0.0000,0,0.0000,0.0000,0,0.0000,0,0.0000,0.0000,0,0.0000,0.0000,0,0,0,0,0,0,0,0,0,0,0,0,0,0,0,0,0,0,0,0,0,0,0,0,0,0.0000,0,32,0,0,0,0,0,0
WG_METRICS 69,256,768,1.9519,0.0094,0.0076,1.8816,0.0178,0.0355,256,768,196608,393216,104489.7969,208979.5938,0.0000,0,0.0000,0.0000,0,0.0000,0,0.0000,0.0000,0,0.0000,0.0000,0,0,0,0,0,0,0,0,0,0,0,0,0,0,0,0,0,0,0,0,0,0,0,0,0,0.0000,0,32,0,0,0,0,0,0
WG_METRICS 70,256,768,1.9624,0.0094,0.0076,1.8843,0.0258,0.0354,256,768,196608,393216,104341.1797,208682.3594,0.0000,0,0.0000,0.0000,0,0.0000,0,0.0000,0.0000,0,0.0000,0.0000,0,0,0,0,0,0,0,0,0,0,0,0,0,0,0,0,0,0,0,0,0,0,0,0,0,0.0000,0,32,0,0,0,0,0,0
WG_METRICS 71,256,768,1.9418,0.0094,0.0076,1.8700,0.0178,0.0370,256,768,196608,393216,105137.9688,210275.9375,0.0000,0,0.0000,0.0000,0,0.0000,0,0.0000,0.0000,0,0.0000,0.0000,0,0,0,0,0,0,0,0,0,0,0,0,0,0,0,0,0,0,0,0,0,0,0,0,0,0.0000,0,32,0,0,0,0,0,0
WG_METRICS 72,256,768,1.9445,0.0094,0.0076,1.8820,0.0092,0.0364,256,768,196608,393216,104467.5859,208935.1719,0.0000,0,0.0000,0.0000,0,0.0000,0,0.0000,0.0000,0,0.0000,0.0000,0,0,0,0,0,0,0,0,0,0,0,0,0,0,0,0,0,0,0,0,0,0,0,0,0,0.0000,0,32,0,0,0,0,0,0
WG_METRICS 73,256,768,1.9442,0.0094,0.0076,1.8737,0.0178,0.0356,256,768,196608,393216,104929.2266,209858.4531,0.0000,0,0.0000,0.0000,0,0.0000,0,0.0000,0.0000,0,0.0000,0.0000,0,0,0,0,0,0,0,0,0,0,0,0,0,0,0,0,0,0,0,0,0,0,0,0,0,0.0000,0,32,0,0,0,0,0,0
WG_METRICS 74,256,768,1.9536,0.0094,0.0076,1.8820,0.0178,0.0367,256,768,196608,393216,104469.8047,208939.6094,0.0000,0,0.0000,0.0000,0,0.0000,0,0.0000,0.0000,0,0.0000,0.0000,0,0,0,0,0,0,0,0,0,0,0,0,0,0,0,0,0,0,0,0,0,0,0,0,0,0.0000,0,32,0,0,0,0,0,0
WG_METRICS 75,256,768,1.9540,0.0094,0.0076,1.8822,0.0179,0.0370,256,768,196608,393216,104458.7109,208917.4219,0.0000,0,0.0000,0.0000,0,0.0000,0,0.0000,0.0000,0,0.0000,0.0000,0,0,0,0,0,0,0,0,0,0,0,0,0,0,0,0,0,0,0,0,0,0,0,0,0,0.0000,0,32,0,0,0,0,0,0
WG_METRICS 76,256,768,1.9080,0.0093,0.0076,1.8368,0.0178,0.0364,256,768,196608,393216,107035.9922,214071.9844,0.0000,0,0.0000,0.0000,0,0.0000,0,0.0000,0.0000,0,0.0000,0.0000,0,0,0,0,0,0,0,0,0,0,0,0,0,0,0,0,0,0,0,0,0,0,0,0,0,0.0000,0,32,0,0,0,0,0,0
WG_METRICS 77,256,768,1.9454,0.0093,0.0076,1.8646,0.0256,0.0383,256,768,196608,393216,105444.7188,210889.4375,0.0000,0,0.0000,0.0000,0,0.0000,0,0.0000,0.0000,0,0.0000,0.0000,0,0,0,0,0,0,0,0,0,0,0,0,0,0,0,0,0,0,0,0,0,0,0,0,0,0.0000,0,32,0,0,0,0,0,0
WG_METRICS 78,256,768,1.9476,0.0093,0.0076,1.8763,0.0178,0.0365,256,768,196608,393216,104783.8281,209567.6562,0.0000,0,0.0000,0.0000,0,0.0000,0,0.0000,0.0000,0,0.0000,0.0000,0,0,0,0,0,0,0,0,0,0,0,0,0,0,0,0,0,0,0,0,0,0,0,0,0,0.0000,0,32,0,0,0,0,0,0
WG_METRICS 79,256,768,1.9250,0.0095,0.0076,1.8542,0.0178,0.0359,256,768,196608,393216,106033.8672,212067.7344,0.0000,0,0.0000,0.0000,0,0.0000,0,0.0000,0.0000,0,0.0000,0.0000,0,0,0,0,0,0,0,0,0,0,0,0,0,0,0,0,0,0,0,0,0,0,0,0,0,0.0000,0,32,0,0,0,0,0,0
WG_METRICS 80,256,768,1.9242,0.0095,0.0076,1.8538,0.0178,0.0355,256,768,196608,393216,106056.7422,212113.4844,0.0000,0,0.0000,0.0000,0,0.0000,0,0.0000,0.0000,0,0.0000,0.0000,0,0,0,0,0,0,0,0,0,0,0,0,0,0,0,0,0,0,0,0,0,0,0,0,0,0.0000,0,32,0,0,0,0,0,0
WG_METRICS 81,256,768,1.9411,0.0094,0.0076,1.8683,0.0178,0.0379,256,768,196608,393216,105232.5078,210465.0156,0.0000,0,0.0000,0.0000,0,0.0000,0,0.0000,0.0000,0,0.0000,0.0000,0,0,0,0,0,0,0,0,0,0,0,0,0,0,0,0,0,0,0,0,0,0,0,0,0,0.0000,0,32,0,0,0,0,0,0
WG_METRICS 82,256,768,1.9452,0.0093,0.0076,1.8750,0.0178,0.0356,256,768,196608,393216,104859.8438,209719.6875,0.0000,0,0.0000,0.0000,0,0.0000,0,0.0000,0.0000,0,0.0000,0.0000,0,0,0,0,0,0,0,0,0,0,0,0,0,0,0,0,0,0,0,0,0,0,0,0,0,0.0000,0,32,0,0,0,0,0,0
WG_METRICS 83,256,768,1.9605,0.0094,0.0076,1.8895,0.0178,0.0363,256,768,196608,393216,104054.0234,208108.0469,0.0000,0,0.0000,0.0000,0,0.0000,0,0.0000,0.0000,0,0.0000,0.0000,0,0,0,0,0,0,0,0,0,0,0,0,0,0,0,0,0,0,0,0,0,0,0,0,0,0.0000,0,32,0,0,0,0,0,0
WG_METRICS 84,256,768,1.9731,0.0094,0.0076,1.9030,0.0173,0.0358,256,768,196608,393216,103316.9375,206633.8750,0.0000,0,0.0000,0.0000,0,0.0000,0,0.0000,0.0000,0,0.0000,0.0000,0,0,0,0,0,0,0,0,0,0,0,0,0,0,0,0,0,0,0,0,0,0,0,0,0,0.0000,0,32,0,0,0,0,0,0
WG_METRICS 85,256,768,1.9710,0.0094,0.0076,1.9000,0.0178,0.0362,256,768,196608,393216,103477.8984,206955.7969,0.0000,0,0.0000,0.0000,0,0.0000,0,0.0000,0.0000,0,0.0000,0.0000,0,0,0,0,0,0,0,0,0,0,0,0,0,0,0,0,0,0,0,0,0,0,0,0,0,0.0000,0,32,0,0,0,0,0,0
WG_METRICS 86,256,768,1.9988,0.0094,0.0076,1.9281,0.0178,0.0358,256,768,196608,393216,101968.7578,203937.5156,0.0000,0,0.0000,0.0000,0,0.0000,0,0.0000,0.0000,0,0.0000,0.0000,0,0,0,0,0,0,0,0,0,0,0,0,0,0,0,0,0,0,0,0,0,0,0,0,0,0.0000,0,32,0,0,0,0,0,0
WG_METRICS 87,256,768,1.9250,0.0095,0.0076,1.8528,0.0179,0.0372,256,768,196608,393216,106111.7031,212223.4062,0.0000,0,0.0000,0.0000,0,0.0000,0,0.0000,0.0000,0,0.0000,0.0000,0,0,0,0,0,0,0,0,0,0,0,0,0,0,0,0,0,0,0,0,0,0,0,0,0,0.0000,0,32,0,0,0,0,0,0
WG_METRICS 88,256,768,1.9527,0.0096,0.0076,1.8818,0.0178,0.0359,256,768,196608,393216,104480.9141,208961.8281,0.0000,0,0.0000,0.0000,0,0.0000,0,0.0000,0.0000,0,0.0000,0.0000,0,0,0,0,0,0,0,0,0,0,0,0,0,0,0,0,0,0,0,0,0,0,0,0,0,0.0000,0,32,0,0,0,0,0,0
WG_METRICS 89,256,768,1.9502,0.0094,0.0077,1.8725,0.0258,0.0348,256,768,196608,393216,104996.4766,209992.9531,0.0000,0,0.0000,0.0000,0,0.0000,0,0.0000,0.0000,0,0.0000,0.0000,0,0,0,0,0,0,0,0,0,0,0,0,0,0,0,0,0,0,0,0,0,0,0,0,0,0.0000,0,32,0,0,0,0,0,0
WG_METRICS 90,256,768,1.9637,0.0094,0.0076,1.8929,0.0178,0.0360,256,768,196608,393216,103867.1250,207734.2500,0.0000,0,0.0000,0.0000,0,0.0000,0,0.0000,0.0000,0,0.0000,0.0000,0,0,0,0,0,0,0,0,0,0,0,0,0,0,0,0,0,0,0,0,0,0,0,0,0,0.0000,0,32,0,0,0,0,0,0
WG_METRICS 91,256,768,1.9385,0.0094,0.0076,1.8682,0.0180,0.0354,256,768,196608,393216,105241.5234,210483.0469,0.0000,0,0.0000,0.0000,0,0.0000,0,0.0000,0.0000,0,0.0000,0.0000,0,0,0,0,0,0,0,0,0,0,0,0,0,0,0,0,0,0,0,0,0,0,0,0,0,0.0000,0,32,0,0,0,0,0,0
WG_METRICS 92,256,768,1.9668,0.0094,0.0076,1.8936,0.0178,0.0384,256,768,196608,393216,103825.4375,207650.8750,0.0000,0,0.0000,0.0000,0,0.0000,0,0.0000,0.0000,0,0.0000,0.0000,0,0,0,0,0,0,0,0,0,0,0,0,0,0,0,0,0,0,0,0,0,0,0,0,0,0.0000,0,32,0,0,0,0,0,0
WG_METRICS 93,256,768,1.9623,0.0094,0.0076,1.8925,0.0178,0.0350,256,768,196608,393216,103889.0781,207778.1562,0.0000,0,0.0000,0.0000,0,0.0000,0,0.0000,0.0000,0,0.0000,0.0000,0,0,0,0,0,0,0,0,0,0,0,0,0,0,0,0,0,0,0,0,0,0,0,0,0,0.0000,0,32,0,0,0,0,0,0
WG_METRICS 94,256,768,1.9564,0.0094,0.0076,1.8784,0.0255,0.0355,256,768,196608,393216,104670.0312,209340.0625,0.0000,0,0.0000,0.0000,0,0.0000,0,0.0000,0.0000,0,0.0000,0.0000,0,0,0,0,0,0,0,0,0,0,0,0,0,0,0,0,0,0,0,0,0,0,0,0,0,0.0000,0,32,0,0,0,0,0,0
WG_METRICS 95,256,768,1.9665,0.0094,0.0076,1.8949,0.0178,0.0367,256,768,196608,393216,103755.3047,207510.6094,0.0000,0,0.0000,0.0000,0,0.0000,0,0.0000,0.0000,0,0.0000,0.0000,0,0,0,0,0,0,0,0,0,0,0,0,0,0,0,0,0,0,0,0,0,0,0,0,0,0.0000,0,32,0,0,0,0,0,0
WG_METRICS 96,256,768,1.9476,0.0094,0.0076,1.8759,0.0178,0.0369,256,768,196608,393216,104806.1719,209612.3438,0.0000,0,0.0000,0.0000,0,0.0000,0,0.0000,0.0000,0,0.0000,0.0000,0,0,0,0,0,0,0,0,0,0,0,0,0,0,0,0,0,0,0,0,0,0,0,0,0,0.0000,0,32,0,0,0,0,0,0
WG_METRICS 97,256,768,1.9258,0.0094,0.0076,1.8542,0.0178,0.0368,256,768,196608,393216,106031.5859,212063.1719,0.0000,0,0.0000,0.0000,0,0.0000,0,0.0000,0.0000,0,0.0000,0.0000,0,0,0,0,0,0,0,0,0,0,0,0,0,0,0,0,0,0,0,0,0,0,0,0,0,0.0000,0,32,0,0,0,0,0,0
WG_METRICS 98,256,768,1.9422,0.0094,0.0076,1.8719,0.0178,0.0355,256,768,196608,393216,105030.1328,210060.2656,0.0000,0,0.0000,0.0000,0,0.0000,0,0.0000,0.0000,0,0.0000,0.0000,0,0,0,0,0,0,0,0,0,0,0,0,0,0,0,0,0,0,0,0,0,0,0,0,0,0.0000,0,32,0,0,0,0,0,0
WG_METRICS 99,256,768,1.9429,0.0094,0.0076,1.8640,0.0256,0.0363,256,768,196608,393216,105476.3984,210952.7969,0.0000,0,0.0000,0.0000,0,0.0000,0,0.0000,0.0000,0,0.0000,0.0000,0,0,0,0,0,0,0,0,0,0,0,0,0,0,0,0,0,0,0,0,0,0,0,0,0,0.0000,0,32,0,0,0,0,0,0
WG_METRICS 100,256,768,1.9427,0.0094,0.0076,1.8722,0.0178,0.0358,256,768,196608,393216,105016.6641,210033.3281,0.0000,0,0.0000,0.0000,0,0.0000,0,0.0000,0.0000,0,0.0000,0.0000,0,0,0,0,0,0,0,0,0,0,0,0,0,0,0,0,0,0,0,0,0,0,0,0,0,0.0000,0,32,0,0,0,0,0,0
WG_METRICS 101,256,768,1.9516,0.0094,0.0077,1.8784,0.0178,0.0383,256,768,196608,393216,104667.8047,209335.6094,0.0000,0,0.0000,0.0000,0,0.0000,0,0.0000,0.0000,0,0.0000,0.0000,0,0,0,0,0,0,0,0,0,0,0,0,0,0,0,0,0,0,0,0,0,0,0,0,0,0.0000,0,32,0,0,0,0,0,0
WG_METRICS 102,256,768,1.9574,0.0094,0.0076,1.8868,0.0179,0.0357,256,768,196608,393216,104201.8203,208403.6406,0.0000,0,0.0000,0.0000,0,0.0000,0,0.0000,0.0000,0,0.0000,0.0000,0,0,0,0,0,0,0,0,0,0,0,0,0,0,0,0,0,0,0,0,0,0,0,0,0,0.0000,0,32,0,0,0,0,0,0
WG_METRICS 103,256,768,1.9902,0.0094,0.0076,1.9204,0.0178,0.0350,256,768,196608,393216,102380.8047,204761.6094,0.0000,0,0.0000,0.0000,0,0.0000,0,0.0000,0.0000,0,0.0000,0.0000,0,0,0,0,0,0,0,0,0,0,0,0,0,0,0,0,0,0,0,0,0,0,0,0,0,0.0000,0,32,0,0,0,0,0,0
WG_METRICS 104,256,768,1.9546,0.0094,0.0076,1.8843,0.0169,0.0364,256,768,196608,393216,104338.9609,208677.9219,0.0000,0,0.0000,0.0000,0,0.0000,0,0.0000,0.0000,0,0.0000,0.0000,0,0,0,0,0,0,0,0,0,0,0,0,0,0,0,0,0,0,0,0,0,0,0,0,0,0.0000,0,32,0,0,0,0,0,0
WG_METRICS 105,256,768,1.9464,0.0094,0.0076,1.8753,0.0178,0.0362,256,768,196608,393216,104839.7109,209679.4219,0.0000,0,0.0000,0.0000,0,0.0000,0,0.0000,0.0000,0,0.0000,0.0000,0,0,0,0,0,0,0,0,0,0,0,0,0,0,0,0,0,0,0,0,0,0,0,0,0,0.0000,0,32,0,0,0,0,0,0
WG_METRICS 106,256,768,1.9419,0.0094,0.0076,1.8726,0.0178,0.0345,256,768,196608,393216,104991.9922,209983.9844,0.0000,0,0.0000,0.0000,0,0.0000,0,0.0000,0.0000,0,0.0000,0.0000,0,0,0,0,0,0,0,0,0,0,0,0,0,0,0,0,0,0,0,0,0,0,0,0,0,0.0000,0,32,0,0,0,0,0,0
WG_METRICS 107,256,768,1.9401,0.0094,0.0076,1.8663,0.0178,0.0389,256,768,196608,393216,105345.2812,210690.5625,0.0000,0,0.0000,0.0000,0,0.0000,0,0.0000,0.0000,0,0.0000,0.0000,0,0,0,0,0,0,0,0,0,0,0,0,0,0,0,0,0,0,0,0,0,0,0,0,0,0.0000,0,32,0,0,0,0,0,0
WG_METRICS 108,256,768,1.9185,0.0093,0.0076,1.8466,0.0178,0.0372,256,768,196608,393216,106472.5781,212945.1562,0.0000,0,0.0000,0.0000,0,0.0000,0,0.0000,0.0000,0,0.0000,0.0000,0,0,0,0,0,0,0,0,0,0,0,0,0,0,0,0,0,0,0,0,0,0,0,0,0,0.0000,0,32,0,0,0,0,0,0
WG_METRICS 109,256,768,1.9620,0.0094,0.0076,1.8919,0.0172,0.0359,256,768,196608,393216,103922.0234,207844.0469,0.0000,0,0.0000,0.0000,0,0.0000,0,0.0000,0.0000,0,0.0000,0.0000,0,0,0,0,0,0,0,0,0,0,0,0,0,0,0,0,0,0,0,0,0,0,0,0,0,0.0000,0,32,0,0,0,0,0,0
WG_METRICS 110,256,768,1.9530,0.0094,0.0076,1.8814,0.0178,0.0368,256,768,196608,393216,104503.1250,209006.2500,0.0000,0,0.0000,0.0000,0,0.0000,0,0.0000,0.0000,0,0.0000,0.0000,0,0,0,0,0,0,0,0,0,0,0,0,0,0,0,0,0,0,0,0,0,0,0,0,0,0.0000,0,32,0,0,0,0,0,0
WG_METRICS 111,256,768,1.9433,0.0094,0.0076,1.8718,0.0179,0.0366,256,768,196608,393216,105036.8672,210073.7344,0.0000,0,0.0000,0.0000,0,0.0000,0,0.0000,0.0000,0,0.0000,0.0000,0,0,0,0,0,0,0,0,0,0,0,0,0,0,0,0,0,0,0,0,0,0,0,0,0,0.0000,0,32,0,0,0,0,0,0
WG_METRICS 112,256,768,1.9591,0.0094,0.0076,1.8867,0.0181,0.0373,256,768,196608,393216,104206.2422,208412.4844,0.0000,0,0.0000,0.0000,0,0.0000,0,0.0000,0.0000,0,0.0000,0.0000,0,0,0,0,0,0,0,0,0,0,0,0,0,0,0,0,0,0,0,0,0,0,0,0,0,0.0000,0,32,0,0,0,0,0,0
WG_METRICS 113,256,768,1.9682,0.0093,0.0076,1.9018,0.0135,0.0361,256,768,196608,393216,103382.1328,206764.2656,0.0000,0,0.0000,0.0000,0,0.0000,0,0.0000,0.0000,0,0.0000,0.0000,0,0,0,0,0,0,0,0,0,0,0,0,0,0,0,0,0,0,0,0,0,0,0,0,0,0.0000,0,32,0,0,0,0,0,0
WG_METRICS 114,256,768,1.9713,0.0094,0.0076,1.8905,0.0266,0.0371,256,768,196608,393216,103998.9844,207997.9688,0.0000,0,0.0000,0.0000,0,0.0000,0,0.0000,0.0000,0,0.0000,0.0000,0,0,0,0,0,0,0,0,0,0,0,0,0,0,0,0,0,0,0,0,0,0,0,0,0,0.0000,0,32,0,0,0,0,0,0
WG_METRICS 115,256,768,1.9484,0.0094,0.0076,1.8764,0.0178,0.0372,256,768,196608,393216,104781.5938,209563.1875,0.0000,0,0.0000,0.0000,0,0.0000,0,0.0000,0.0000,0,0.0000,0.0000,0,0,0,0,0,0,0,0,0,0,0,0,0,0,0,0,0,0,0,0,0,0,0,0,0,0.0000,0,32,0,0,0,0,0,0
WG_METRICS 116,256,768,1.9410,0.0094,0.0077,1.8694,0.0178,0.0367,256,768,196608,393216,105169.4609,210338.9219,0.0000,0,0.0000,0.0000,0,0.0000,0,0.0000,0.0000,0,0.0000,0.0000,0,0,0,0,0,0,0,0,0,0,0,0,0,0,0,0,0,0,0,0,0,0,0,0,0,0.0000,0,32,0,0,0,0,0,0
WG_METRICS 117,256,768,1.9278,0.0094,0.0076,1.8574,0.0178,0.0356,256,768,196608,393216,105848.9141,211697.8281,0.0000,0,0.0000,0.0000,0,0.0000,0,0.0000,0.0000,0,0.0000,0.0000,0,0,0,0,0,0,0,0,0,0,0,0,0,0,0,0,0,0,0,0,0,0,0,0,0,0.0000,0,32,0,0,0,0,0,0
WG_METRICS 118,256,768,1.9925,0.0094,0.0076,1.9210,0.0178,0.0367,256,768,196608,393216,102348.8281,204697.6562,0.0000,0,0.0000,0.0000,0,0.0000,0,0.0000,0.0000,0,0.0000,0.0000,0,0,0,0,0,0,0,0,0,0,0,0,0,0,0,0,0,0,0,0,0,0,0,0,0,0.0000,0,32,0,0,0,0,0,0
