WG_METRICS_HEADER frame,q1_shards,q1_shard_capacity,gpu_frame_ms,reset_ms,reset_barrier_ms,compute_ms,metrics_copy_ms,render_ms,q2_shards,q2_shard_capacity,edges,vertices,edges_per_ms,vertices_per_ms,q1_deq_attempt_mean,q1_deq_attempt_max,q1_deq_attempt_imbalance,q1_deq_cas_fail_mean,q1_deq_cas_fail_max,q1_deq_probe_mean,q1_deq_probe_max,q1_deq_probe_imbalance,q1_enq_attempt_mean,q1_enq_attempt_max,q1_enq_attempt_imbalance,q1_high_water_mean,q1_high_water_max,q1_enq_ok,q1_enq_cas_fail,q1_enq_full,q1_deq_ok,q1_deq_cas_fail,q1_deq_empty,q1_ready_cas_fail,q1_ready_max_spin,q1_high_water,q2_enq_ok,q2_enq_cas_fail,q2_enq_full,q2_deq_ok,q2_deq_cas_fail,q2_deq_empty,q2_ready_cas_fail,q2_ready_max_spin,q2_high_water,node_a_seed,node_b_tasks,node_b_subdivide,node_b_final,node_c_output,stop_writes
WG_METRICS 1,16,12288,3.8019,0.0080,0.0086,3.7458,0.0221,0.0175,16,12288,196608,393216,52488.1484,104976.2969,0.0000,0,0.0000,0.0000,0,0.0000,0,0.0000,0.0000,0,0.0000,0.0000,0,0,0,0,0,0,0,0,0,0,0,0,0,0,0,0,0,0,0,0,0,0,0,0,0
WG_METRICS 2,16,12288,3.9501,0.0074,0.0068,3.8977,0.0215,0.0167,16,12288,196608,393216,50441.7969,100883.5938,0.0000,0,0.0000,0.0000,0,0.0000,0,0.0000,0.0000,0,0.0000,0.0000,0,0,0,0,0,0,0,0,0,0,0,0,0,0,0,0,0,0,0,0,0,0,0,0,0
WG_METRICS 3,16,12288,7.4023,0.0092,0.0076,7.3203,0.0240,0.0412,16,12288,196608,393216,26857.8418,53715.6836,0.0000,0,0.0000,0.0000,0,0.0000,0,0.0000,0.0000,0,0.0000,0.0000,0,0,0,0,0,0,0,0,0,0,0,0,0,0,0,0,0,0,0,0,0,0,0,0,0
WG_METRICS 4,16,12288,3.9026,0.0074,0.0068,3.8502,0.0222,0.0159,16,12288,196608,393216,51063.8281,102127.6562,0.0000,0,0.0000,0.0000,0,0.0000,0,0.0000,0.0000,0,0.0000,0.0000,0,0,0,0,0,0,0,0,0,0,0,0,0,0,0,0,0,0,0,0,0,0,0,0,0
WG_METRICS 5,16,12288,3.8908,0.0074,0.0068,3.8236,0.0224,0.0304,16,12288,196608,393216,51419.0664,102838.1328,0.0000,0,0.0000,0.0000,0,0.0000,0,0.0000,0.0000,0,0.0000,0.0000,0,0,0,0,0,0,0,0,0,0,0,0,0,0,0,0,0,0,0,0,0,0,0,0,0
WG_METRICS 6,16,12288,3.8859,0.0079,0.0075,3.8171,0.0236,0.0299,16,12288,196608,393216,51507.4336,103014.8672,0.0000,0,0.0000,0.0000,0,0.0000,0,0.0000,0.0000,0,0.0000,0.0000,0,0,0,0,0,0,0,0,0,0,0,0,0,0,0,0,0,0,0,0,0,0,0,0,0
WG_METRICS 7,16,12288,3.9046,0.0079,0.0074,3.8509,0.0085,0.0300,16,12288,196608,393216,51054.8125,102109.6250,0.0000,0,0.0000,0.0000,0,0.0000,0,0.0000,0.0000,0,0.0000,0.0000,0,0,0,0,0,0,0,0,0,0,0,0,0,0,0,0,0,0,0,0,0,0,0,0,0
WG_METRICS 8,16,12288,3.8856,0.0074,0.0069,3.8421,0.0130,0.0163,16,12288,196608,393216,51172.2812,102344.5625,0.0000,0,0.0000,0.0000,0,0.0000,0,0.0000,0.0000,0,0.0000,0.0000,0,0,0,0,0,0,0,0,0,0,0,0,0,0,0,0,0,0,0,0,0,0,0,0,0
WG_METRICS 9,16,12288,3.8918,0.0074,0.0068,3.8403,0.0209,0.0164,16,12288,196608,393216,51195.7305,102391.4609,0.0000,0,0.0000,0.0000,0,0.0000,0,0.0000,0.0000,0,0.0000,0.0000,0,0,0,0,0,0,0,0,0,0,0,0,0,0,0,0,0,0,0,0,0,0,0,0,0
WG_METRICS 10,16,12288,3.8709,0.0074,0.0068,3.8268,0.0132,0.0166,16,12288,196608,393216,51376.6055,102753.2109,0.0000,0,0.0000,0.0000,0,0.0000,0,0.0000,0.0000,0,0.0000,0.0000,0,0,0,0,0,0,0,0,0,0,0,0,0,0,0,0,0,0,0,0,0,0,0,0,0
WG_METRICS 11,16,12288,3.9034,0.0074,0.0068,3.8516,0.0214,0.0162,16,12288,196608,393216,51045.8008,102091.6016,0.0000,0,0.0000,0.0000,0,0.0000,0,0.0000,0.0000,0,0.0000,0.0000,0,0,0,0,0,0,0,0,0,0,0,0,0,0,0,0,0,0,0,0,0,0,0,0,0
WG_METRICS 12,16,12288,3.9436,0.0104,0.0068,3.8882,0.0222,0.0161,16,12288,196608,393216,50565.8203,101131.6406,0.0000,0,0.0000,0.0000,0,0.0000,0,0.0000,0.0000,0,0.0000,0.0000,0,0,0,0,0,0,0,0,0,0,0,0,0,0,0,0,0,0,0,0,0,0,0,0,0
WG_METRICS 13,16,12288,3.8940,0.0074,0.0068,3.8421,0.0212,0.0164,16,12288,196608,393216,51171.7500,102343.5000,0.0000,0,0.0000,0.0000,0,0.0000,0,0.0000,0.0000,0,0.0000,0.0000,0,0,0,0,0,0,0,0,0,0,0,0,0,0,0,0,0,0,0,0,0,0,0,0,0
WG_METRICS 14,16,12288,3.8704,0.0075,0.0068,3.8170,0.0225,0.0166,16,12288,196608,393216,51508.5156,103017.0312,0.0000,0,0.0000,0.0000,0,0.0000,0,0.0000,0.0000,0,0.0000,0.0000,0,0,0,0,0,0,0,0,0,0,0,0,0,0,0,0,0,0,0,0,0,0,0,0,0
WG_METRICS 15,16,12288,3.8880,0.0093,0.0066,3.8395,0.0170,0.0156,16,12288,196608,393216,51206.4023,102412.8047,0.0000,0,0.0000,0.0000,0,0.0000,0,0.0000,0.0000,0,0.0000,0.0000,0,0,0,0,0,0,0,0,0,0,0,0,0,0,0,0,0,0,0,0,0,0,0,0,0
WG_METRICS 16,16,12288,3.8992,0.0104,0.0069,3.8443,0.0215,0.0162,16,12288,196608,393216,51142.9961,102285.9922,0.0000,0,0.0000,0.0000,0,0.0000,0,0.0000,0.0000,0,0.0000,0.0000,0,0,0,0,0,0,0,0,0,0,0,0,0,0,0,0,0,0,0,0,0,0,0,0,0
WG_METRICS 17,16,12288,3.8973,0.0081,0.0058,3.8538,0.0124,0.0172,16,12288,196608,393216,51016.1289,102032.2578,0.0000,0,0.0000,0.0000,0,0.0000,0,0.0000,0.0000,0,0.0000,0.0000,0,0,0,0,0,0,0,0,0,0,0,0,0,0,0,0,0,0,0,0,0,0,0,0,0
WG_METRICS 18,16,12288,3.9038,0.0074,0.0068,3.8472,0.0255,0.0169,16,12288,196608,393216,51104.1797,102208.3594,0.0000,0,0.0000,0.0000,0,0.0000,0,0.0000,0.0000,0,0.0000,0.0000,0,0,0,0,0,0,0,0,0,0,0,0,0,0,0,0,0,0,0,0,0,0,0,0,0
WG_METRICS 19,16,12288,3.8674,0.0073,0.0069,3.8239,0.0131,0.0162,16,12288,196608,393216,51415.8398,102831.6797,0.0000,0,0.0000,0.0000,0,0.0000,0,0.0000,0.0000,0,0.0000,0.0000,0,0,0,0,0,0,0,0,0,0,0,0,0,0,0,0,0,0,0,0,0,0,0,0,0
WG_METRICS 20,16,12288,3.8961,0.0118,0.0025,3.8440,0.0214,0.0164,16,12288,196608,393216,51146.7227,102293.4453,0.0000,0,0.0000,0.0000,0,0.0000,0,0.0000,0.0000,0,0.0000,0.0000,0,0,0,0,0,0,0,0,0,0,0,0,0,0,0,0,0,0,0,0,0,0,0,0,0
WG_METRICS 21,16,12288,3.8864,0.0074,0.0068,3.8344,0.0218,0.0160,16,12288,196608,393216,51274.7773,102549.5547,0.0000,0,0.0000,0.0000,0,0.0000,0,0.0000,0.0000,0,0.0000,0.0000,0,0,0,0,0,0,0,0,0,0,0,0,0,0,0,0,0,0,0,0,0,0,0,0,0
WG_METRICS 22,16,12288,3.9091,0.0105,0.0069,3.8536,0.0219,0.0163,16,12288,196608,393216,51019.8359,102039.6719,0.0000,0,0.0000,0.0000,0,0.0000,0,0.0000,0.0000,0,0.0000,0.0000,0,0,0,0,0,0,0,0,0,0,0,0,0,0,0,0,0,0,0,0,0,0,0,0,0
WG_METRICS 23,16,12288,3.8824,0.0074,0.0069,3.8384,0.0127,0.0170,16,12288,196608,393216,51221.3438,102442.6875,0.0000,0,0.0000,0.0000,0,0.0000,0,0.0000,0.0000,0,0.0000,0.0000,0,0,0,0,0,0,0,0,0,0,0,0,0,0,0,0,0,0,0,0,0,0,0,0,0
WG_METRICS 24,16,12288,3.8860,0.0074,0.0068,3.8341,0.0217,0.0160,16,12288,196608,393216,51279.0547,102558.1094,0.0000,0,0.0000,0.0000,0,0.0000,0,0.0000,0.0000,0,0.0000,0.0000,0,0,0,0,0,0,0,0,0,0,0,0,0,0,0,0,0,0,0,0,0,0,0,0,0
WG_METRICS 25,16,12288,3.8812,0.0074,0.0069,3.8298,0.0215,0.0156,16,12288,196608,393216,51336.3633,102672.7266,0.0000,0,0.0000,0.0000,0,0.0000,0,0.0000,0.0000,0,0.0000,0.0000,0,0,0,0,0,0,0,0,0,0,0,0,0,0,0,0,0,0,0,0,0,0,0,0,0
WG_METRICS 26,16,12288,3.8784,0.0074,0.0068,3.8300,0.0176,0.0166,16,12288,196608,393216,51333.6836,102667.3672,0.0000,0,0.0000,0.0000,0,0.0000,0,0.0000,0.0000,0,0.0000,0.0000,0,0,0,0,0,0,0,0,0,0,0,0,0,0,0,0,0,0,0,0,0,0,0,0,0
WG_METRICS 27,16,12288,3.8799,0.0074,0.0068,3.8369,0.0128,0.0160,16,12288,196608,393216,51241.6328,102483.2656,0.0000,0,0.0000,0.0000,0,0.0000,0,0.0000,0.0000,0,0.0000,0.0000,0,0,0,0,0,0,0,0,0,0,0,0,0,0,0,0,0,0,0,0,0,0,0,0,0
WG_METRICS 28,16,12288,3.8688,0.0074,0.0068,3.8251,0.0130,0.0165,16,12288,196608,393216,51399.1719,102798.3438,0.0000,0,0.0000,0.0000,0,0.0000,0,0.0000,0.0000,0,0.0000,0.0000,0,0,0,0,0,0,0,0,0,0,0,0,0,0,0,0,0,0,0,0,0,0,0,0,0
WG_METRICS 29,16,12288,3.8886,0.0074,0.0067,3.8368,0.0213,0.0164,16,12288,196608,393216,51242.1680,102484.3359,0.0000,0,0.0000,0.0000,0,0.0000,0,0.0000,0.0000,0,0.0000,0.0000,0,0,0,0,0,0,0,0,0,0,0,0,0,0,0,0,0,0,0,0,0,0,0,0,0
WG_METRICS 30,16,12288,3.8476,0.0073,0.0069,3.8142,0.0032,0.0160,16,12288,196608,393216,51546.3281,103092.6562,0.0000,0,0.0000,0.0000,0,0.0000,0,0.0000,0.0000,0,0.0000,0.0000,0,0,0,0,0,0,0,0,0,0,0,0,0,0,0,0,0,0,0,0,0,0,0,0,0
WG_METRICS 31,16,12288,3.9282,0.0074,0.0068,3.8765,0.0213,0.0162,16,12288,196608,393216,50718.1758,101436.3516,0.0000,0,0.0000,0.0000,0,0.0000,0,0.0000,0.0000,0,0.0000,0.0000,0,0,0,0,0,0,0,0,0,0,0,0,0,0,0,0,0,0,0,0,0,0,0,0,0
WG_METRICS 32,16,12288,3.9062,0.0074,0.0068,3.8546,0.0218,0.0156,16,12288,196608,393216,51006.0703,102012.1406,0.0000,0,0.0000,0.0000,0,0.0000,0,0.0000,0.0000,0,0.0000,0.0000,0,0,0,0,0,0,0,0,0,0,0,0,0,0,0,0,0,0,0,0,0,0,0,0,0
WG_METRICS 33,16,12288,3.8852,0.0074,0.0068,3.8427,0.0126,0.0157,16,12288,196608,393216,51163.7578,102327.5156,0.0000,0,0.0000,0.0000,0,0.0000,0,0.0000,0.0000,0,0.0000,0.0000,0,0,0,0,0,0,0,0,0,0,0,0,0,0,0,0,0,0,0,0,0,0,0,0,0
WG_METRICS 34,16,12288,3.9510,0.0074,0.0068,3.9071,0.0132,0.0165,16,12288,196608,393216,50320.4414,100640.8828,0.0000,0,0.0000,0.0000,0,0.0000,0,0.0000,0.0000,0,0.0000,0.0000,0,0,0,0,0,0,0,0,0,0,0,0,0,0,0,0,0,0,0,0,0,0,0,0,0
WG_METRICS 35,16,12288,3.9488,0.0103,0.0069,3.9067,0.0094,0.0156,16,12288,196608,393216,50326.1055,100652.2109,0.0000,0,0.0000,0.0000,0,0.0000,0,0.0000,0.0000,0,0.0000,0.0000,0,0,0,0,0,0,0,0,0,0,0,0,0,0,0,0,0,0,0,0,0,0,0,0,0
WG_METRICS 36,16,12288,3.8964,0.0074,0.0066,3.8441,0.0218,0.0164,16,12288,196608,393216,51145.1250,102290.2500,0.0000,0,0.0000,0.0000,0,0.0000,0,0.0000,0.0000,0,0.0000,0.0000,0,0,0,0,0,0,0,0,0,0,0,0,0,0,0,0,0,0,0,0,0,0,0,0,0
WG_METRICS 37,16,12288,3.8868,0.0075,0.0068,3.8349,0.0215,0.0161,16,12288,196608,393216,51267.8242,102535.6484,0.0000,0,0.0000,0.0000,0,0.0000,0,0.0000,0.0000,0,0.0000,0.0000,0,0,0,0,0,0,0,0,0,0,0,0,0,0,0,0,0,0,0,0,0,0,0,0,0
WG_METRICS 38,16,12288,3.8406,0.0074,0.0062,3.7995,0.0111,0.0165,16,12288,196608,393216,51745.4844,103490.9688,0.0000,0,0.0000,0.0000,0,0.0000,0,0.0000,0.0000,0,0.0000,0.0000,0,0,0,0,0,0,0,0,0,0,0,0,0,0,0,0,0,0,0,0,0,0,0,0,0
WG_METRICS 39,16,12288,3.9532,0.0088,0.0069,3.9002,0.0215,0.0158,16,12288,196608,393216,50409.2070,100818.4141,0.0000,0,0.0000,0.0000,0,0.0000,0,0.0000,0.0000,0,0.0000,0.0000,0,0,0,0,0,0,0,0,0,0,0,0,0,0,0,0,0,0,0,0,0,0,0,0,0
WG_METRICS 40,16,12288,3.8854,0.0073,0.0069,3.8339,0.0218,0.0155,16,12288,196608,393216,51281.1953,102562.3906,0.0000,0,0.0000,0.0000,0,0.0000,0,0.0000,0.0000,0,0.0000,0.0000,0,0,0,0,0,0,0,0,0,0,0,0,0,0,0,0,0,0,0,0,0,0,0,0,0
WG_METRICS 41,16,12288,3.8715,0.0074,0.0068,3.8192,0.0216,0.0165,16,12288,196608,393216,51478.8438,102957.6875,0.0000,0,0.0000,0.0000,0,0.0000,0,0.0000,0.0000,0,0.0000,0.0000,0,0,0,0,0,0,0,0,0,0,0,0,0,0,0,0,0,0,0,0,0,0,0,0,0
WG_METRICS 42,16,12288,3.9091,0.0074,0.0068,3.8562,0.0222,0.0165,16,12288,196608,393216,50984.9062,101969.8125,0.0000,0,0.0000,0.0000,0,0.0000,0,0.0000,0.0000,0,0.0000,0.0000,0,0,0,0,0,0,0,0,0,0,0,0,0,0,0,0,0,0,0,0,0,0,0,0,0
WG_METRICS 43,16,12288,3.8238,0.0074,0.0068,3.7716,0.0214,0.0164,16,12288,196608,393216,52127.9844,104255.9688,0.0000,0,0.0000,0.0000,0,0.0000,0,0.0000,0.0000,0,0.0000,0.0000,0,0,0,0,0,0,0,0,0,0,0,0,0,0,0,0,0,0,0,0,0,0,0,0,0
WG_METRICS 44,16,12288,3.8727,0.0074,0.0068,3.8290,0.0130,0.0165,16,12288,196608,393216,51347.0898,102694.1797,0.0000,0,0.0000,0.0000,0,0.0000,0,0.0000,0.0000,0,0.0000,0.0000,0,0,0,0,0,0,0,0,0,0,0,0,0,0,0,0,0,0,0,0,0,0,0,0,0
WG_METRICS 45,16,12288,3.8947,0.0074,0.0068,3.8516,0.0129,0.0160,16,12288,196608,393216,51045.8008,102091.6016,0.0000,0,0.0000,0.0000,0,0.0000,0,0.0000,0.0000,0,0.0000,0.0000,0,0,0,0,0,0,0,0,0,0,0,0,0,0,0,0,0,0,0,0,0,0,0,0,0
WG_METRICS 46,16,12288,3.8956,0.0075,0.0068,3.8419,0.0225,0.0170,16,12288,196608,393216,51174.4141,102348.8281,0.0000,0,0.0000,0.0000,0,0.0000,0,0.0000,0.0000,0,0.0000,0.0000,0,0,0,0,0,0,0,0,0,0,0,0,0,0,0,0,0,0,0,0,0,0,0,0,0
WG_METRICS 47,16,12288,3.8992,0.0074,0.0068,3.8482,0.0212,0.0156,16,12288,196608,393216,51091.4297,102182.8594,0.0000,0,0.0000,0.0000,0,0.0000,0,0.0000,0.0000,0,0.0000,0.0000,0,0,0,0,0,0,0,0,0,0,0,0,0,0,0,0,0,0,0,0,0,0,0,0,0
WG_METRICS 48,16,12288,3.8565,0.0074,0.0068,3.8050,0.0218,0.0155,16,12288,196608,393216,51670.4180,103340.8359,0.0000,0,0.0000,0.0000,0,0.0000,0,0.0000,0.0000,0,0.0000,0.0000,0,0,0,0,0,0,0,0,0,0,0,0,0,0,0,0,0,0,0,0,0,0,0,0,0
WG_METRICS 49,16,12288,3.8515,0.0074,0.0062,3.8006,0.0210,0.0162,16,12288,196608,393216,51730.2344,103460.4688,0.0000,0,0.0000,0.0000,0,0.0000,0,0.0000,0.0000,0,0.0000,0.0000,0,0,0,0,0,0,0,0,0,0,0,0,0,0,0,0,0,0,0,0,0,0,0,0,0
WG_METRICS 50,16,12288,3.8957,0.0074,0.0066,3.8436,0.0223,0.0158,16,12288,196608,393216,51152.5781,102305.1562,0.0000,0,0.0000,0.0000,0,0.0000,0,0.0000,0.0000,0,0.0000,0.0000,0,0,0,0,0,0,0,0,0,0,0,0,0,0,0,0,0,0,0,0,0,0,0,0,0
WG_METRICS 51,16,12288,3.9246,0.0074,0.0067,3.8740,0.0208,0.0157,16,12288,196608,393216,50751.1680,101502.3359,0.0000,0,0.0000,0.0000,0,0.0000,0,0.0000,0.0000,0,0.0000,0.0000,0,0,0,0,0,0,0,0,0,0,0,0,0,0,0,0,0,0,0,0,0,0,0,0,0
WG_METRICS 52,16,12288,3.8888,0.0073,0.0069,3.8366,0.0216,0.0164,16,12288,196608,393216,51244.8398,102489.6797,0.0000,0,0.0000,0.0000,0,0.0000,0,0.0000,0.0000,0,0.0000,0.0000,0,0,0,0,0,0,0,0,0,0,0,0,0,0,0,0,0,0,0,0,0,0,0,0,0
WG_METRICS 53,16,12288,3.9113,0.0074,0.0065,3.8790,0.0027,0.0156,16,12288,196608,393216,50684.7070,101369.4141,0.0000,0,0.0000,0.0000,0,0.0000,0,0.0000,0.0000,0,0.0000,0.0000,0,0,0,0,0,0,0,0,0,0,0,0,0,0,0,0,0,0,0,0,0,0,0,0,0
WG_METRICS 54,16,12288,3.8614,0.0074,0.0068,3.8087,0.0219,0.0165,16,12288,196608,393216,51621.0352,103242.0703,0.0000,0,0.0000,0.0000,0,0.0000,0,0.0000,0.0000,0,0.0000,0.0000,0,0,0,0,0,0,0,0,0,0,0,0,0,0,0,0,0,0,0,0,0,0,0,0,0
WG_METRICS 55,16,12288,3.8942,0.0074,0.0068,3.8428,0.0213,0.0158,16,12288,196608,393216,51162.6953,102325.3906,0.0000,0,0.0000,0.0000,0,0.0000,0,0.0000,0.0000,0,0.0000,0.0000,0,0,0,0,0,0,0,0,0,0,0,0,0,0,0,0,0,0,0,0,0,0,0,0,0
WG_METRICS 56,16,12288,3.9910,0.0073,0.0068,3.9398,0.0214,0.0155,16,12288,196608,393216,49902.5312,99805.0625,0.0000,0,0.0000,0.0000,0,0.0000,0,0.0000,0.0000,0,0.0000,0.0000,0,0,0,0,0,0,0,0,0,0,0,0,0,0,0,0,0,0,0,0,0,0,0,0,0
WG_METRICS 57,16,12288,3.8776,0.0074,0.0068,3.8261,0.0214,0.0158,16,12288,196608,393216,51385.7383,102771.4766,0.0000,0,0.0000,0.0000,0,0.0000,0,0.0000,0.0000,0,0.0000,0.0000,0,0,0,0,0,0,0,0,0,0,0,0,0,0,0,0,0,0,0,0,0,0,0,0,0
WG_METRICS 58,16,12288,3.9174,0.0073,0.0065,3.8646,0.0222,0.0168,16,12288,196608,393216,50874.6172,101749.2344,0.0000,0,0.0000,0.0000,0,0.0000,0,0.0000,0.0000,0,0.0000,0.0000,0,0,0,0,0,0,0,0,0,0,0,0,0,0,0,0,0,0,0,0,0,0,0,0,0
WG_METRICS 59,16,12288,3.9028,0.0074,0.0069,3.8514,0.0215,0.0156,16,12288,196608,393216,51047.9219,102095.8438,0.0000,0,0.0000,0.0000,0,0.0000,0,0.0000,0.0000,0,0.0000,0.0000,0,0,0,0,0,0,0,0,0,0,0,0,0,0,0,0,0,0,0,0,0,0,0,0,0
WG_METRICS 60,16,12288,3.9135,0.0074,0.0068,3.8618,0.0217,0.0157,16,12288,196608,393216,50910.4453,101820.8906,0.0000,0,0.0000,0.0000,0,0.0000,0,0.0000,0.0000,0,0.0000,0.0000,0,0,0,0,0,0,0,0,0,0,0,0,0,0,0,0,0,0,0,0,0,0,0,0,0
WG_METRICS 61,16,12288,3.8600,0.0074,0.0068,3.8082,0.0214,0.0162,16,12288,196608,393216,51627.0000,103254.0000,0.0000,0,0.0000,0.0000,0,0.0000,0,0.0000,0.0000,0,0.0000,0.0000,0,0,0,0,0,0,0,0,0,0,0,0,0,0,0,0,0,0,0,0,0,0,0,0,0
WG_METRICS 62,16,12288,3.8955,0.0075,0.0068,3.8440,0.0215,0.0157,16,12288,196608,393216,51146.7227,102293.4453,0.0000,0,0.0000,0.0000,0,0.0000,0,0.0000,0.0000,0,0.0000,0.0000,0,0,0,0,0,0,0,0,0,0,0,0,0,0,0,0,0,0,0,0,0,0,0,0,0
WG_METRICS 63,16,12288,3.8435,0.0097,0.0044,3.7960,0.0166,0.0169,16,12288,196608,393216,51794.0117,103588.0234,0.0000,0,0.0000,0.0000,0,0.0000,0,0.0000,0.0000,0,0.0000,0.0000,0,0,0,0,0,0,0,0,0,0,0,0,0,0,0,0,0,0,0,0,0,0,0,0,0
WG_METRICS 64,16,12288,3.8558,0.0074,0.0068,3.8038,0.0217,0.0162,16,12288,196608,393216,51687.8047,103375.6094,0.0000,0,0.0000,0.0000,0,0.0000,0,0.0000,0.0000,0,0.0000,0.0000,0,0,0,0,0,0,0,0,0,0,0,0,0,0,0,0,0,0,0,0,0,0,0,0,0
WG_METRICS 65,16,12288,3.8991,0.0074,0.0122,3.8432,0.0206,0.0157,16,12288,196608,393216,51157.3711,102314.7422,0.0000,0,0.0000,0.0000,0,0.0000,0,0.0000,0.0000,0,0.0000,0.0000,0,0,0,0,0,0,0,0,0,0,0,0,0,0,0,0,0,0,0,0,0,0,0,0,0
WG_METRICS 66,16,12288,3.8748,0.0074,0.0067,3.8223,0.0220,0.0164,16,12288,196608,393216,51437.3633,102874.7266,0.0000,0,0.0000,0.0000,0,0.0000,0,0.0000,0.0000,0,0.0000,0.0000,0,0,0,0,0,0,0,0,0,0,0,0,0,0,0,0,0,0,0,0,0,0,0,0,0
WG_METRICS 67,16,12288,3.8415,0.0074,0.0068,3.7900,0.0213,0.0159,16,12288,196608,393216,51875.4609,103750.9219,0.0000,0,0.0000,0.0000,0,0.0000,0,0.0000,0.0000,0,0.0000,0.0000,0,0,0,0,0,0,0,0,0,0,0,0,0,0,0,0,0,0,0,0,0,0,0,0,0
WG_METRICS 68,16,12288,3.8836,0.0074,0.0070,3.8312,0.0220,0.0160,16,12288,196608,393216,51317.0664,102634.1328,0.0000,0,0.0000,0.0000,0,0.0000,0,0.0000,0.0000,0,0.0000,0.0000,0,0,0,0,0,0,0,0,0,0,0,0,0,0,0,0,0,0,0,0,0,0,0,0,0
WG_METRICS 69,16,12288,3.8764,0.0074,0.0067,3.8334,0.0126,0.0164,16,12288,196608,393216,51288.6875,102577.3750,0.0000,0,0.0000,0.0000,0,0.0000,0,0.0000,0.0000,0,0.0000,0.0000,0,0,0,0,0,0,0,0,0,0,0,0,0,0,0,0,0,0,0,0,0,0,0,0,0
WG_METRICS 70,16,12288,3.8707,0.0074,0.0069,3.8253,0.0138,0.0173,16,12288,196608,393216,51397.0234,102794.0469,0.0000,0,0.0000,0.0000,0,0.0000,0,0.0000,0.0000,0,0.0000,0.0000,0,0,0,0,0,0,0,0,0,0,0,0,0,0,0,0,0,0,0,0,0,0,0,0,0
WG_METRICS 71,16,12288,3.8225,0.0080,0.0074,3.7573,0.0226,0.0273,16,12288,196608,393216,52327.2148,104654.4297,0.0000,0,0.0000,0.0000,0,0.0000,0,0.0000,0.0000,0,0.0000,0.0000,0,0,0,0,0,0,0,0,0,0,0,0,0,0,0,0,0,0,0,0,0,0,0,0,0
WG_METRICS 72,16,12288,3.9014,0.0080,0.0074,3.8364,0.0224,0.0272,16,12288,196608,393216,51248.5781,102497.1562,0.0000,0,0.0000,0.0000,0,0.0000,0,0.0000,0.0000,0,0.0000,0.0000,0,0,0,0,0,0,0,0,0,0,0,0,0,0,0,0,0,0,0,0,0,0,0,0,0
WG_METRICS 73,16,12288,3.9163,0.0079,0.0074,3.8574,0.0161,0.0274,16,12288,196608,393216,50968.5195,101937.0391,0.0000,0,0.0000,0.0000,0,0.0000,0,0.0000,0.0000,0,0.0000,0.0000,0,0,0,0,0,0,0,0,0,0,0,0,0,0,0,0,0,0,0,0,0,0,0,0,0
WG_METRICS 74,16,12288,3.9031,0.0080,0.0078,3.8408,0.0143,0.0321,16,12288,196608,393216,51188.8008,102377.6016,0.0000,0,0.0000,0.0000,0,0.0000,0,0.0000,0.0000,0,0.0000,0.0000,0,0,0,0,0,0,0,0,0,0,0,0,0,0,0,0,0,0,0,0,0,0,0,0,0
WG_METRICS 75,16,12288,3.8884,0.0078,0.0074,3.8348,0.0222,0.0161,16,12288,196608,393216,51269.9609,102539.9219,0.0000,0,0.0000,0.0000,0,0.0000,0,0.0000,0.0000,0,0.0000,0.0000,0,0,0,0,0,0,0,0,0,0,0,0,0,0,0,0,0,0,0,0,0,0,0,0,0
WG_METRICS 76,16,12288,3.8625,0.0074,0.0068,3.8114,0.0212,0.0156,16,12288,196608,393216,51584.1953,103168.3906,0.0000,0,0.0000,0.0000,0,0.0000,0,0.0000,0.0000,0,0.0000,0.0000,0,0,0,0,0,0,0,0,0,0,0,0,0,0,0,0,0,0,0,0,0,0,0,0,0
WG_METRICS 77,16,12288,3.9781,0.0074,0.0069,3.9268,0.0215,0.0155,16,12288,196608,393216,50068.2500,100136.5000,0.0000,0,0.0000,0.0000,0,0.0000,0,0.0000,0.0000,0,0.0000,0.0000,0,0,0,0,0,0,0,0,0,0,0,0,0,0,0,0,0,0,0,0,0,0,0,0,0
WG_METRICS 78,16,12288,3.8822,0.0074,0.0063,3.8296,0.0219,0.0169,16,12288,196608,393216,51339.0430,102678.0859,0.0000,0,0.0000,0.0000,0,0.0000,0,0.0000,0.0000,0,0.0000,0.0000,0,0,0,0,0,0,0,0,0,0,0,0,0,0,0,0,0,0,0,0,0,0,0,0,0
WG_METRICS 79,16,12288,3.9206,0.0074,0.0068,3.8681,0.0221,0.0162,16,12288,196608,393216,50828.3203,101656.6406,0.0000,0,0.0000,0.0000,0,0.0000,0,0.0000,0.0000,0,0.0000,0.0000,0,0,0,0,0,0,0,0,0,0,0,0,0,0,0,0,0,0,0,0,0,0,0,0,0
WG_METRICS 80,16,12288,3.8970,0.0074,0.0068,3.8536,0.0133,0.0160,16,12288,196608,393216,51019.3047,102038.6094,0.0000,0,0.0000,0.0000,0,0.0000,0,0.0000,0.0000,0,0.0000,0.0000,0,0,0,0,0,0,0,0,0,0,0,0,0,0,0,0,0,0,0,0,0,0,0,0,0
WG_METRICS 81,16,12288,3.8979,0.0074,0.0068,3.8555,0.0125,0.0157,16,12288,196608,393216,50993.8984,101987.7969,0.0000,0,0.0000,0.0000,0,0.0000,0,0.0000,0.0000,0,0.0000,0.0000,0,0,0,0,0,0,0,0,0,0,0,0,0,0,0,0,0,0,0,0,0,0,0,0,0
WG_METRICS 82,16,12288,3.9038,0.0074,0.0068,3.8599,0.0131,0.0165,16,12288,196608,393216,50935.7695,101871.5391,0.0000,0,0.0000,0.0000,0,0.0000,0,0.0000,0.0000,0,0.0000,0.0000,0,0,0,0,0,0,0,0,0,0,0,0,0,0,0,0,0,0,0,0,0,0,0,0,0
WG_METRICS 83,16,12288,3.8906,0.0073,0.0062,3.8396,0.0214,0.0161,16,12288,196608,393216,51205.8672,102411.7344,0.0000,0,0.0000,0.0000,0,0.0000,0,0.0000,0.0000,0,0.0000,0.0000,0,0,0,0,0,0,0,0,0,0,0,0,0,0,0,0,0,0,0,0,0,0,0,0,0
WG_METRICS 84,16,12288,3.9128,0.0075,0.0067,3.8607,0.0219,0.0160,16,12288,196608,393216,50925.2188,101850.4375,0.0000,0,0.0000,0.0000,0,0.0000,0,0.0000,0.0000,0,0.0000,0.0000,0,0,0,0,0,0,0,0,0,0,0,0,0,0,0,0,0,0,0,0,0,0,0,0,0
WG_METRICS 85,16,12288,3.9370,0.0100,0.0070,3.8917,0.0127,0.0156,16,12288,196608,393216,50519.5625,101039.1250,0.0000,0,0.0000,0.0000,0,0.0000,0,0.0000,0.0000,0,0.0000,0.0000,0,0,0,0,0,0,0,0,0,0,0,0,0,0,0,0,0,0,0,0,0,0,0,0,0
WG_METRICS 86,16,12288,3.9080,0.0093,0.0069,3.8537,0.0222,0.0159,16,12288,196608,393216,51018.2500,102036.5000,0.0000,0,0.0000,0.0000,0,0.0000,0,0.0000,0.0000,0,0.0000,0.0000,0,0,0,0,0,0,0,0,0,0,0,0,0,0,0,0,0,0,0,0,0,0,0,0,0
WG_METRICS 87,16,12288,3.8797,0.0075,0.0068,3.8356,0.0130,0.0169,16,12288,196608,393216,51258.7344,102517.4688,0.0000,0,0.0000,0.0000,0,0.0000,0,0.0000,0.0000,0,0.0000,0.0000,0,0,0,0,0,0,0,0,0,0,0,0,0,0,0,0,0,0,0,0,0,0,0,0,0
WG_METRICS 88,16,12288,3.8988,0.0074,0.0068,3.8602,0.0087,0.0158,16,12288,196608,393216,50932.6016,101865.2031,0.0000,0,0.0000,0.0000,0,0.0000,0,0.0000,0.0000,0,0.0000,0.0000,0,0,0,0,0,0,0,0,0,0,0,0,0,0,0,0,0,0,0,0,0,0,0,0,0
WG_METRICS 89,16,12288,3.8806,0.0074,0.0068,3.8282,0.0214,0.0167,16,12288,196608,393216,51357.2812,102714.5625,0.0000,0,0.0000,0.0000,0,0.0000,0,0.0000,0.0000,0,0.0000,0.0000,0,0,0,0,0,0,0,0,0,0,0,0,0,0,0,0,0,0,0,0,0,0,0,0,0
WG_METRICS 90,16,12288,3.9254,0.0074,0.0067,3.8736,0.0220,0.0156,16,12288,196608,393216,50756.4102,101512.8203,0.0000,0,0.0000,0.0000,0,0.0000,0,0.0000,0.0000,0,0.0000,0.0000,0,0,0,0,0,0,0,0,0,0,0,0,0,0,0,0,0,0,0,0,0,0,0,0,0
WG_METRICS 91,16,12288,3.8788,0.0074,0.0068,3.8269,0.0214,0.0163,16,12288,196608,393216,51374.9961,102749.9922,0.0000,0,0.0000,0.0000,0,0.0000,0,0.0000,0.0000,0,0.0000,0.0000,0,0,0,0,0,0,0,0,0,0,0,0,0,0,0,0,0,0,0,0,0,0,0,0,0
WG_METRICS 92,16,12288,3.8810,0.0075,0.0068,3.8283,0.0220,0.0165,16,12288,196608,393216,51356.2070,102712.4141,0.0000,0,0.0000,0.0000,0,0.0000,0,0.0000,0.0000,0,0.0000,0.0000,0,0,0,0,0,0,0,0,0,0,0,0,0,0,0,0,0,0,0,0,0,0,0,0,0
WG_METRICS 93,16,12288,3.8764,0.0074,0.0064,3.8340,0.0128,0.0158,16,12288,196608,393216,51280.1250,102560.2500,0.0000,0,0.0000,0.0000,0,0.0000,0,0.0000,0.0000,0,0.0000,0.0000,0,0,0,0,0,0,0,0,0,0,0,0,0,0,0,0,0,0,0,0,0,0,0,0,0
WG_METRICS 94,16,12288,3.8670,0.0074,0.0068,3.8129,0.0221,0.0178,16,12288,196608,393216,51564.1719,103128.3438,0.0000,0,0.0000,0.0000,0,0.0000,0,0.0000,0.0000,0,0.0000,0.0000,0,0,0,0,0,0,0,0,0,0,0,0,0,0,0,0,0,0,0,0,0,0,0,0,0
WG_METRICS 95,16,12288,3.8978,0.0074,0.0069,3.8464,0.0214,0.0157,16,12288,196608,393216,51114.8086,102229.6172,0.0000,0,0.0000,0.0000,0,0.0000,0,0.0000,0.0000,0,0.0000,0.0000,0,0,0,0,0,0,0,0,0,0,0,0,0,0,0,0,0,0,0,0,0,0,0,0,0
WG_METRICS 96,16,12288,3.8459,0.0074,0.0069,3.7938,0.0216,0.0161,16,12288,196608,393216,51822.9570,103645.9141,0.0000,0,0.0000,0.0000,0,0.0000,0,0.0000,0.0000,0,0.0000,0.0000,0,0,0,0,0,0,0,0,0,0,0,0,0,0,0,0,0,0,0,0,0,0,0,0,0
WG_METRICS 97,16,12288,3.9700,0.0075,0.0067,3.9232,0.0170,0.0156,16,12288,196608,393216,50114.1953,100228.3906,0.0000,0,0.0000,0.0000,0,0.0000,0,0.0000,0.0000,0,0.0000,0.0000,0,0,0,0,0,0,0,0,0,0,0,0,0,0,0,0,0,0,0,0,0,0,0,0,0
WG_METRICS 98,16,12288,3.8829,0.0075,0.0066,3.8398,0.0132,0.0157,16,12288,196608,393216,51202.1328,102404.2656,0.0000,0,0.0000,0.0000,0,0.0000,0,0.0000,0.0000,0,0.0000,0.0000,0,0,0,0,0,0,0,0,0,0,0,0,0,0,0,0,0,0,0,0,0,0,0,0,0
WG_METRICS 99,16,12288,3.8660,0.0074,0.0068,3.8228,0.0125,0.0165,16,12288,196608,393216,51430.3672,102860.7344,0.0000,0,0.0000,0.0000,0,0.0000,0,0.0000,0.0000,0,0.0000,0.0000,0,0,0,0,0,0,0,0,0,0,0,0,0,0,0,0,0,0,0,0,0,0,0,0,0
WG_METRICS 100,16,12288,3.8935,0.0075,0.0067,3.8507,0.0131,0.0156,16,12288,196608,393216,51057.9922,102115.9844,0.0000,0,0.0000,0.0000,0,0.0000,0,0.0000,0.0000,0,0.0000,0.0000,0,0,0,0,0,0,0,0,0,0,0,0,0,0,0,0,0,0,0,0,0,0,0,0,0
WG_METRICS 101,16,12288,3.8199,0.0074,0.0068,3.7659,0.0214,0.0184,16,12288,196608,393216,52207.1641,104414.3281,0.0000,0,0.0000,0.0000,0,0.0000,0,0.0000,0.0000,0,0.0000,0.0000,0,0,0,0,0,0,0,0,0,0,0,0,0,0,0,0,0,0,0,0,0,0,0,0,0
WG_METRICS 102,16,12288,3.8693,0.0074,0.0068,3.8174,0.0221,0.0156,16,12288,196608,393216,51502.5781,103005.1562,0.0000,0,0.0000,0.0000,0,0.0000,0,0.0000,0.0000,0,0.0000,0.0000,0,0,0,0,0,0,0,0,0,0,0,0,0,0,0,0,0,0,0,0,0,0,0,0,0
WG_METRICS 103,16,12288,3.9068,0.0074,0.0068,3.8631,0.0128,0.0167,16,12288,196608,393216,50894.1055,101788.2109,0.0000,0,0.0000,0.0000,0,0.0000,0,0.0000,0.0000,0,0.0000,0.0000,0,0,0,0,0,0,0,0,0,0,0,0,0,0,0,0,0,0,0,0,0,0,0,0,0
WG_METRICS 104,16,12288,3.9277,0.0074,0.0068,3.8851,0.0128,0.0156,16,12288,196608,393216,50605.9062,101211.8125,0.0000,0,0.0000,0.0000,0,0.0000,0,0.0000,0.0000,0,0.0000,0.0000,0,0,0,0,0,0,0,0,0,0,0,0,0,0,0,0,0,0,0,0,0,0,0,0,0
WG_METRICS 105,16,12288,3.8565,0.0073,0.0069,3.8146,0.0122,0.0154,16,12288,196608,393216,51540.3789,103080.7578,0.0000,0,0.0000,0.0000,0,0.0000,0,0.0000,0.0000,0,0.0000,0.0000,0,0,0,0,0,0,0,0,0,0,0,0,0,0,0,0,0,0,0,0,0,0,0,0,0
WG_METRICS 106,16,12288,3.8778,0.0075,0.0066,3.8331,0.0134,0.0171,16,12288,196608,393216,51291.8984,102583.7969,0.0000,0,0.0000,0.0000,0,0.0000,0,0.0000,0.0000,0,0.0000,0.0000,0,0,0,0,0,0,0,0,0,0,0,0,0,0,0,0,0,0,0,0,0,0,0,0,0
WG_METRICS 107,16,12288,3.8977,0.0074,0.0066,3.8502,0.0174,0.0161,16,12288,196608,393216,51063.8281,102127.6562,0.0000,0,0.0000,0.0000,0,0.0000,0,0.0000,0.0000,0,0.0000,0.0000,0,0,0,0,0,0,0,0,0,0,0,0,0,0,0,0,0,0,0,0,0,0,0,0,0
WG_METRICS 108,16,12288,3.9244,0.0079,0.0074,3.8600,0.0220,0.0272,16,12288,196608,393216,50935.2422,101870.4844,0.0000,0,0.0000,0.0000,0,0.0000,0,0.0000,0.0000,0,0.0000,0.0000,0,0,0,0,0,0,0,0,0,0,0,0,0,0,0,0,0,0,0,0,0,0,0,0,0
WG_METRICS 109,16,12288,3.9224,0.0080,0.0074,3.8594,0.0172,0.0305,16,12288,196608,393216,50942.1055,101884.2109,0.0000,0,0.0000,0.0000,0,0.0000,0,0.0000,0.0000,0,0.0000,0.0000,0,0,0,0,0,0,0,0,0,0,0,0,0,0,0,0,0,0,0,0,0,0,0,0,0
WG_METRICS 110,16,12288,3.9214,0.0080,0.0074,3.8559,0.0218,0.0283,16,12288,196608,393216,50989.1367,101978.2734,0.0000,0,0.0000,0.0000,0,0.0000,0,0.0000,0.0000,0,0.0000,0.0000,0,0,0,0,0,0,0,0,0,0,0,0,0,0,0,0,0,0,0,0,0,0,0,0,0
WG_METRICS 111,16,12288,3.8708,0.0080,0.0074,3.8058,0.0214,0.0282,16,12288,196608,393216,51659.5547,103319.1094,0.0000,0,0.0000,0.0000,0,0.0000,0,0.0000,0.0000,0,0.0000,0.0000,0,0,0,0,0,0,0,0,0,0,0,0,0,0,0,0,0,0,0,0,0,0,0,0,0
WG_METRICS 112,16,12288,3.8705,0.0079,0.0074,3.8065,0.0222,0.0266,16,12288,196608,393216,51650.8711,103301.7422,0.0000,0,0.0000,0.0000,0,0.0000,0,0.0000,0.0000,0,0.0000,0.0000,0,0,0,0,0,0,0,0,0,0,0,0,0,0,0,0,0,0,0,0,0,0,0,0,0
WG_METRICS 113,16,12288,3.9620,0.0074,0.0068,3.9092,0.0217,0.0169,16,12288,196608,393216,50294.1836,100588.3672,0.0000,0,0.0000,0.0000,0,0.0000,0,0.0000,0.0000,0,0.0000,0.0000,0,0,0,0,0,0,0,0,0,0,0,0,0,0,0,0,0,0,0,0,0,0,0,0,0
WG_METRICS 114,16,12288,3.8412,0.0074,0.0067,3.7894,0.0217,0.0161,16,12288,196608,393216,51884.2227,103768.4453,0.0000,0,0.0000,0.0000,0,0.0000,0,0.0000,0.0000,0,0.0000,0.0000,0,0,0,0,0,0,0,0,0,0,0,0,0,0,0,0,0,0,0,0,0,0,0,0,0
WG_METRICS 115,16,12288,3.8765,0.0074,0.0068,3.8341,0.0127,0.0155,16,12288,196608,393216,51279.0547,102558.1094,0.0000,0,0.0000,0.0000,0,0.0000,0,0.0000,0.0000,0,0.0000,0.0000,0,0,0,0,0,0,0,0,0,0,0,0,0,0,0,0,0,0,0,0,0,0,0,0,0
WG_METRICS 116,16,12288,3.8485,0.0074,0.0069,3.7968,0.0218,0.0156,16,12288,196608,393216,51782.0078,103564.0156,0.0000,0,0.0000,0.0000,0,0.0000,0,0.0000,0.0000,0,0.0000,0.0000,0,0,0,0,0,0,0,0,0,0,0,0,0,0,0,0,0,0,0,0,0,0,0,0,0
WG_METRICS 117,16,12288,3.8817,0.0074,0.0067,3.8307,0.0212,0.0156,16,12288,196608,393216,51324.0352,102648.0703,0.0000,0,0.0000,0.0000,0,0.0000,0,0.0000,0.0000,0,0.0000,0.0000,0,0,0,0,0,0,0,0,0,0,0,0,0,0,0,0,0,0,0,0,0,0,0,0,0
WG_METRICS 118,16,12288,3.8894,0.0074,0.0068,3.8370,0.0218,0.0165,16,12288,196608,393216,51240.5625,102481.1250,0.0000,0,0.0000,0.0000,0,0.0000,0,0.0000,0.0000,0,0.0000,0.0000,0,0,0,0,0,0,0,0,0,0,0,0,0,0,0,0,0,0,0,0,0,0,0,0,0
WG_METRICS 119,16,12288,3.8926,0.0074,0.0069,3.8495,0.0128,0.0160,16,12288,196608,393216,51073.3828,102146.7656,0.0000,0,0.0000,0.0000,0,0.0000,0,0.0000,0.0000,0,0.0000,0.0000,0,0,0,0,0,0,0,0,0,0,0,0,0,0,0,0,0,0,0,0,0,0,0,0,0
WG_METRICS 120,16,12288,3.8935,0.0074,0.0067,3.8414,0.0221,0.0160,16,12288,196608,393216,51181.8711,102363.7422,0.0000,0,0.0000,0.0000,0,0.0000,0,0.0000,0.0000,0,0.0000,0.0000,0,0,0,0,0,0,0,0,0,0,0,0,0,0,0,0,0,0,0,0,0,0,0,0,0
WG_METRICS 121,16,12288,3.8970,0.0074,0.0068,3.8457,0.0215,0.0157,16,12288,196608,393216,51124.3789,102248.7578,0.0000,0,0.0000,0.0000,0,0.0000,0,0.0000,0.0000,0,0.0000,0.0000,0,0,0,0,0,0,0,0,0,0,0,0,0,0,0,0,0,0,0,0,0,0,0,0,0
WG_METRICS 122,16,12288,3.8803,0.0074,0.0068,3.8285,0.0210,0.0166,16,12288,196608,393216,51354.0625,102708.1250,0.0000,0,0.0000,0.0000,0,0.0000,0,0.0000,0.0000,0,0.0000,0.0000,0,0,0,0,0,0,0,0,0,0,0,0,0,0,0,0,0,0,0,0,0,0,0,0,0
WG_METRICS 123,16,12288,3.8802,0.0074,0.0068,3.8290,0.0214,0.0156,16,12288,196608,393216,51347.0898,102694.1797,0.0000,0,0.0000,0.0000,0,0.0000,0,0.0000,0.0000,0,0.0000,0.0000,0,0,0,0,0,0,0,0,0,0,0,0,0,0,0,0,0,0,0,0,0,0,0,0,0
WG_METRICS 124,16,12288,3.8815,0.0074,0.0069,3.8367,0.0136,0.0170,16,12288,196608,393216,51244.3047,102488.6094,0.0000,0,0.0000,0.0000,0,0.0000,0,0.0000,0.0000,0,0.0000,0.0000,0,0,0,0,0,0,0,0,0,0,0,0,0,0,0,0,0,0,0,0,0,0,0,0,0
WG_METRICS 125,16,12288,3.8566,0.0076,0.0067,3.8047,0.0215,0.0162,16,12288,196608,393216,51674.7617,103349.5234,0.0000,0,0.0000,0.0000,0,0.0000,0,0.0000,0.0000,0,0.0000,0.0000,0,0,0,0,0,0,0,0,0,0,0,0,0,0,0,0,0,0,0,0,0,0,0,0,0
WG_METRICS 126,16,12288,3.8961,0.0074,0.0068,3.8435,0.0218,0.0165,16,12288,196608,393216,51153.1094,102306.2188,0.0000,0,0.0000,0.0000,0,0.0000,0,0.0000,0.0000,0,0.0000,0.0000,0,0,0,0,0,0,0,0,0,0,0,0,0,0,0,0,0,0,0,0,0,0,0,0,0
WG_METRICS 127,16,12288,3.8902,0.0074,0.0069,3.8468,0.0130,0.0160,16,12288,196608,393216,51109.4922,102218.9844,0.0000,0,0.0000,0.0000,0,0.0000,0,0.0000,0.0000,0,0.0000,0.0000,0,0,0,0,0,0,0,0,0,0,0,0,0,0,0,0,0,0,0,0,0,0,0,0,0
WG_METRICS 128,16,12288,3.8901,0.0074,0.0068,3.8472,0.0126,0.0160,16,12288,196608,393216,51104.1797,102208.3594,0.0000,0,0.0000,0.0000,0,0.0000,0,0.0000,0.0000,0,0.0000,0.0000,0,0,0,0,0,0,0,0,0,0,0,0,0,0,0,0,0,0,0,0,0,0,0,0,0
WG_METRICS 129,16,12288,3.8795,0.0073,0.0066,3.8374,0.0127,0.0155,16,12288,196608,393216,51234.1562,102468.3125,0.0000,0,0.0000,0.0000,0,0.0000,0,0.0000,0.0000,0,0.0000,0.0000,0,0,0,0,0,0,0,0,0,0,0,0,0,0,0,0,0,0,0,0,0,0,0,0,0
WG_METRICS 130,16,12288,3.8967,0.0074,0.0069,3.8431,0.0221,0.0172,16,12288,196608,393216,51158.9648,102317.9297,0.0000,0,0.0000,0.0000,0,0.0000,0,0.0000,0.0000,0,0.0000,0.0000,0,0,0,0,0,0,0,0,0,0,0,0,0,0,0,0,0,0,0,0,0,0,0,0,0
WG_METRICS 131,16,12288,3.8805,0.0106,0.0068,3.8264,0.0213,0.0154,16,12288,196608,393216,51381.9766,102763.9531,0.0000,0,0.0000,0.0000,0,0.0000,0,0.0000,0.0000,0,0.0000,0.0000,0,0,0,0,0,0,0,0,0,0,0,0,0,0,0,0,0,0,0,0,0,0,0,0,0
WG_METRICS 132,16,12288,3.8960,0.0074,0.0069,3.8525,0.0133,0.0160,16,12288,196608,393216,51033.6094,102067.2188,0.0000,0,0.0000,0.0000,0,0.0000,0,0.0000,0.0000,0,0.0000,0.0000,0,0,0,0,0,0,0,0,0,0,0,0,0,0,0,0,0,0,0,0,0,0,0,0,0
WG_METRICS 133,16,12288,3.9038,0.0080,0.0074,3.8486,0.0130,0.0268,16,12288,196608,393216,51085.0586,102170.1172,0.0000,0,0.0000,0.0000,0,0.0000,0,0.0000,0.0000,0,0.0000,0.0000,0,0,0,0,0,0,0,0,0,0,0,0,0,0,0,0,0,0,0,0,0,0,0,0,0
WG_METRICS 134,16,12288,3.8710,0.0080,0.0074,3.8088,0.0139,0.0329,16,12288,196608,393216,51619.9492,103239.8984,0.0000,0,0.0000,0.0000,0,0.0000,0,0.0000,0.0000,0,0.0000,0.0000,0,0,0,0,0,0,0,0,0,0,0,0,0,0,0,0,0,0,0,0,0,0,0,0,0
WG_METRICS 135,16,12288,3.9157,0.0079,0.0074,3.8577,0.0135,0.0292,16,12288,196608,393216,50964.8203,101929.6406,0.0000,0,0.0000,0.0000,0,0.0000,0,0.0000,0.0000,0,0.0000,0.0000,0,0,0,0,0,0,0,0,0,0,0,0,0,0,0,0,0,0,0,0,0,0,0,0,0
WG_METRICS 136,16,12288,3.8915,0.0079,0.0074,3.8242,0.0237,0.0282,16,12288,196608,393216,51411.0000,102822.0000,0.0000,0,0.0000,0.0000,0,0.0000,0,0.0000,0.0000,0,0.0000,0.0000,0,0,0,0,0,0,0,0,0,0,0,0,0,0,0,0,0,0,0,0,0,0,0,0,0
WG_METRICS 137,16,12288,3.9238,0.0080,0.0074,3.8675,0.0094,0.0316,16,12288,196608,393216,50835.6758,101671.3516,0.0000,0,0.0000,0.0000,0,0.0000,0,0.0000,0.0000,0,0.0000,0.0000,0,0,0,0,0,0,0,0,0,0,0,0,0,0,0,0,0,0,0,0,0,0,0,0,0
WG_METRICS 138,16,12288,3.9542,0.0089,0.0075,3.8816,0.0233,0.0328,16,12288,196608,393216,50650.7578,101301.5156,0.0000,0,0.0000,0.0000,0,0.0000,0,0.0000,0.0000,0,0.0000,0.0000,0,0,0,0,0,0,0,0,0,0,0,0,0,0,0,0,0,0,0,0,0,0,0,0,0
WG_METRICS 139,16,12288,3.9117,0.0074,0.0069,3.8609,0.0198,0.0167,16,12288,196608,393216,50923.1055,101846.2109,0.0000,0,0.0000,0.0000,0,0.0000,0,0.0000,0.0000,0,0.0000,0.0000,0,0,0,0,0,0,0,0,0,0,0,0,0,0,0,0,0,0,0,0,0,0,0,0,0
WG_METRICS 140,16,12288,3.8684,0.0074,0.0068,3.8237,0.0136,0.0168,16,12288,196608,393216,51417.9922,102835.9844,0.0000,0,0.0000,0.0000,0,0.0000,0,0.0000,0.0000,0,0.0000,0.0000,0,0,0,0,0,0,0,0,0,0,0,0,0,0,0,0,0,0,0,0,0,0,0,0,0
WG_METRICS 141,16,12288,3.9730,0.0074,0.0068,3.9189,0.0146,0.0254,16,12288,196608,393216,50169.4375,100338.8750,0.0000,0,0.0000,0.0000,0,0.0000,0,0.0000,0.0000,0,0.0000,0.0000,0,0,0,0,0,0,0,0,0,0,0,0,0,0,0,0,0,0,0,0,0,0,0,0,0
WG_METRICS 142,16,12288,3.8985,0.0080,0.0073,3.8410,0.0150,0.0272,16,12288,196608,393216,51186.6680,102373.3359,0.0000,0,0.0000,0.0000,0,0.0000,0,0.0000,0.0000,0,0.0000,0.0000,0,0,0,0,0,0,0,0,0,0,0,0,0,0,0,0,0,0,0,0,0,0,0,0,0
WG_METRICS 143,16,12288,3.9091,0.0080,0.0076,3.8486,0.0136,0.0312,16,12288,196608,393216,51085.0586,102170.1172,0.0000,0,0.0000,0.0000,0,0.0000,0,0.0000,0.0000,0,0.0000,0.0000,0,0,0,0,0,0,0,0,0,0,0,0,0,0,0,0,0,0,0,0,0,0,0,0,0
WG_METRICS 144,16,12288,3.9282,0.0079,0.0067,3.8602,0.0248,0.0285,16,12288,196608,393216,50931.5469,101863.0938,0.0000,0,0.0000,0.0000,0,0.0000,0,0.0000,0.0000,0,0.0000,0.0000,0,0,0,0,0,0,0,0,0,0,0,0,0,0,0,0,0,0,0,0,0,0,0,0,0
WG_METRICS 145,16,12288,3.8856,0.0082,0.0075,3.8244,0.0138,0.0317,16,12288,196608,393216,51408.8477,102817.6953,0.0000,0,0.0000,0.0000,0,0.0000,0,0.0000,0.0000,0,0.0000,0.0000,0,0,0,0,0,0,0,0,0,0,0,0,0,0,0,0,0,0,0,0,0,0,0,0,0
WG_METRICS 146,16,12288,3.9188,0.0079,0.0074,3.8593,0.0144,0.0298,16,12288,196608,393216,50943.6914,101887.3828,0.0000,0,0.0000,0.0000,0,0.0000,0,0.0000,0.0000,0,0.0000,0.0000,0,0,0,0,0,0,0,0,0,0,0,0,0,0,0,0,0,0,0,0,0,0,0,0,0
WG_METRICS 147,16,12288,3.9194,0.0079,0.0075,3.8641,0.0135,0.0264,16,12288,196608,393216,50880.9336,101761.8672,0.0000,0,0.0000,0.0000,0,0.0000,0,0.0000,0.0000,0,0.0000,0.0000,0,0,0,0,0,0,0,0,0,0,0,0,0,0,0,0,0,0,0,0,0,0,0,0,0
WG_METRICS 148,16,12288,3.8574,0.0083,0.0098,3.7950,0.0138,0.0304,16,12288,196608,393216,51807.1133,103614.2266,0.0000,0,0.0000,0.0000,0,0.0000,0,0.0000,0.0000,0,0.0000,0.0000,0,0,0,0,0,0,0,0,0,0,0,0,0,0,0,0,0,0,0,0,0,0,0,0,0
WG_METRICS 149,16,12288,3.9537,0.0079,0.0075,3.8972,0.0132,0.0279,16,12288,196608,393216,50448.5273,100897.0547,0.0000,0,0.0000,0.0000,0,0.0000,0,0.0000,0.0000,0,0.0000,0.0000,0,0,0,0,0,0,0,0,0,0,0,0,0,0,0,0,0,0,0,0,0,0,0,0,0
WG_METRICS 150,16,12288,3.9169,0.0080,0.0078,3.8549,0.0140,0.0323,16,12288,196608,393216,51002.3633,102004.7266,0.0000,0,0.0000,0.0000,0,0.0000,0,0.0000,0.0000,0,0.0000,0.0000,0,0,0,0,0,0,0,0,0,0,0,0,0,0,0,0,0,0,0,0,0,0,0,0,0
WG_METRICS 151,16,12288,3.8895,0.0079,0.0074,3.8343,0.0127,0.0272,16,12288,196608,393216,51276.3789,102552.7578,0.0000,0,0.0000,0.0000,0,0.0000,0,0.0000,0.0000,0,0.0000,0.0000,0,0,0,0,0,0,0,0,0,0,0,0,0,0,0,0,0,0,0,0,0,0,0,0,0
WG_METRICS 152,16,12288,3.9118,0.0079,0.0075,3.8434,0.0230,0.0300,16,12288,196608,393216,51154.1719,102308.3438,0.0000,0,0.0000,0.0000,0,0.0000,0,0.0000,0.0000,0,0.0000,0.0000,0,0,0,0,0,0,0,0,0,0,0,0,0,0,0,0,0,0,0,0,0,0,0,0,0
WG_METRICS 153,16,12288,3.8530,0.0080,0.0077,3.7922,0.0140,0.0311,16,12288,196608,393216,51845.9141,103691.8281,0.0000,0,0.0000,0.0000,0,0.0000,0,0.0000,0.0000,0,0.0000,0.0000,0,0,0,0,0,0,0,0,0,0,0,0,0,0,0,0,0,0,0,0,0,0,0,0,0
WG_METRICS 154,16,12288,3.8953,0.0088,0.0084,3.8238,0.0239,0.0303,16,12288,196608,393216,51416.3789,102832.7578,0.0000,0,0.0000,0.0000,0,0.0000,0,0.0000,0.0000,0,0.0000,0.0000,0,0,0,0,0,0,0,0,0,0,0,0,0,0,0,0,0,0,0,0,0,0,0,0,0
WG_METRICS 155,16,12288,3.9340,0.0079,0.0074,3.8778,0.0134,0.0276,16,12288,196608,393216,50701.4375,101402.8750,0.0000,0,0.0000,0.0000,0,0.0000,0,0.0000,0.0000,0,0.0000,0.0000,0,0,0,0,0,0,0,0,0,0,0,0,0,0,0,0,0,0,0,0,0,0,0,0,0
WG_METRICS 156,16,12288,3.9088,0.0079,0.0074,3.8516,0.0141,0.0278,16,12288,196608,393216,51045.8008,102091.6016,0.0000,0,0.0000,0.0000,0,0.0000,0,0.0000,0.0000,0,0.0000,0.0000,0,0,0,0,0,0,0,0,0,0,0,0,0,0,0,0,0,0,0,0,0,0,0,0,0
WG_METRICS 157,16,12288,3.8856,0.0078,0.0075,3.8279,0.0126,0.0297,16,12288,196608,393216,51361.5742,102723.1484,0.0000,0,0.0000,0.0000,0,0.0000,0,0.0000,0.0000,0,0.0000,0.0000,0,0,0,0,0,0,0,0,0,0,0,0,0,0,0,0,0,0,0,0,0,0,0,0,0
WG_METRICS 158,16,12288,3.8389,0.0074,0.0068,3.7944,0.0133,0.0170,16,12288,196608,393216,51815.8555,103631.7109,0.0000,0,0.0000,0.0000,0,0.0000,0,0.0000,0.0000,0,0.0000,0.0000,0,0,0,0,0,0,0,0,0,0,0,0,0,0,0,0,0,0,0,0,0,0,0,0,0
WG_METRICS 159,16,12288,3.8775,0.0079,0.0074,3.8110,0.0222,0.0289,16,12288,196608,393216,51589.6094,103179.2188,0.0000,0,0.0000,0.0000,0,0.0000,0,0.0000,0.0000,0,0.0000,0.0000,0,0,0,0,0,0,0,0,0,0,0,0,0,0,0,0,0,0,0,0,0,0,0,0,0
WG_METRICS 160,16,12288,3.9012,0.0085,0.0082,3.8416,0.0135,0.0294,16,12288,196608,393216,51178.1445,102356.2891,0.0000,0,0.0000,0.0000,0,0.0000,0,0.0000,0.0000,0,0.0000,0.0000,0,0,0,0,0,0,0,0,0,0,0,0,0,0,0,0,0,0,0,0,0,0,0,0,0
WG_METRICS 161,16,12288,3.8260,0.0079,0.0074,3.7669,0.0138,0.0301,16,12288,196608,393216,52193.8594,104387.7188,0.0000,0,0.0000,0.0000,0,0.0000,0,0.0000,0.0000,0,0.0000,0.0000,0,0,0,0,0,0,0,0,0,0,0,0,0,0,0,0,0,0,0,0,0,0,0,0,0
WG_METRICS 162,16,12288,3.9082,0.0080,0.0076,3.8364,0.0229,0.0334,16,12288,196608,393216,51248.5781,102497.1562,0.0000,0,0.0000,0.0000,0,0.0000,0,0.0000,0.0000,0,0.0000,0.0000,0,0,0,0,0,0,0,0,0,0,0,0,0,0,0,0,0,0,0,0,0,0,0,0,0
WG_METRICS 163,16,12288,3.8863,0.0080,0.0074,3.8317,0.0127,0.0265,16,12288,196608,393216,51311.1719,102622.3438,0.0000,0,0.0000,0.0000,0,0.0000,0,0.0000,0.0000,0,0.0000,0.0000,0,0,0,0,0,0,0,0,0,0,0,0,0,0,0,0,0,0,0,0,0,0,0,0,0
WG_METRICS 164,16,12288,3.9067,0.0079,0.0075,3.8409,0.0230,0.0275,16,12288,196608,393216,51188.2695,102376.5391,0.0000,0,0.0000,0.0000,0,0.0000,0,0.0000,0.0000,0,0.0000,0.0000,0,0,0,0,0,0,0,0,0,0,0,0,0,0,0,0,0,0,0,0,0,0,0,0,0
WG_METRICS 165,16,12288,3.8953,0.0074,0.0069,3.8515,0.0130,0.0165,16,12288,196608,393216,51047.3906,102094.7812,0.0000,0,0.0000,0.0000,0,0.0000,0,0.0000,0.0000,0,0.0000,0.0000,0,0,0,0,0,0,0,0,0,0,0,0,0,0,0,0,0,0,0,0,0,0,0,0,0
WG_METRICS 166,16,12288,3.8803,0.0074,0.0069,3.8288,0.0210,0.0161,16,12288,196608,393216,51350.3086,102700.6172,0.0000,0,0.0000,0.0000,0,0.0000,0,0.0000,0.0000,0,0.0000,0.0000,0,0,0,0,0,0,0,0,0,0,0,0,0,0,0,0,0,0,0,0,0,0,0,0,0
WG_METRICS 167,16,12288,3.8637,0.0074,0.0068,3.8206,0.0123,0.0165,16,12288,196608,393216,51459.9805,102919.9609,0.0000,0,0.0000,0.0000,0,0.0000,0,0.0000,0.0000,0,0.0000,0.0000,0,0,0,0,0,0,0,0,0,0,0,0,0,0,0,0,0,0,0,0,0,0,0,0,0
WG_METRICS 168,16,12288,3.8631,0.0073,0.0069,3.8198,0.0136,0.0155,16,12288,196608,393216,51470.2188,102940.4375,0.0000,0,0.0000,0.0000,0,0.0000,0,0.0000,0.0000,0,0.0000,0.0000,0,0,0,0,0,0,0,0,0,0,0,0,0,0,0,0,0,0,0,0,0,0,0,0,0
WG_METRICS 169,16,12288,3.8885,0.0074,0.0069,3.8458,0.0128,0.0156,16,12288,196608,393216,51122.2500,102244.5000,0.0000,0,0.0000,0.0000,0,0.0000,0,0.0000,0.0000,0,0.0000,0.0000,0,0,0,0,0,0,0,0,0,0,0,0,0,0,0,0,0,0,0,0,0,0,0,0,0
WG_METRICS 170,16,12288,3.8933,0.0074,0.0068,3.8410,0.0219,0.0162,16,12288,196608,393216,51186.1367,102372.2734,0.0000,0,0.0000,0.0000,0,0.0000,0,0.0000,0.0000,0,0.0000,0.0000,0,0,0,0,0,0,0,0,0,0,0,0,0,0,0,0,0,0,0,0,0,0,0,0,0
WG_METRICS 171,16,12288,3.9145,0.0074,0.0065,3.8644,0.0208,0.0155,16,12288,196608,393216,50877.2461,101754.4922,0.0000,0,0.0000,0.0000,0,0.0000,0,0.0000,0.0000,0,0.0000,0.0000,0,0,0,0,0,0,0,0,0,0,0,0,0,0,0,0,0,0,0,0,0,0,0,0,0
WG_METRICS 172,16,12288,3.8950,0.0074,0.0069,3.8428,0.0215,0.0164,16,12288,196608,393216,51162.6953,102325.3906,0.0000,0,0.0000,0.0000,0,0.0000,0,0.0000,0.0000,0,0.0000,0.0000,0,0,0,0,0,0,0,0,0,0,0,0,0,0,0,0,0,0,0,0,0,0,0,0,0
WG_METRICS 173,16,12288,3.8173,0.0098,0.0066,3.7722,0.0126,0.0161,16,12288,196608,393216,52120.2461,104240.4922,0.0000,0,0.0000,0.0000,0,0.0000,0,0.0000,0.0000,0,0.0000,0.0000,0,0,0,0,0,0,0,0,0,0,0,0,0,0,0,0,0,0,0,0,0,0,0,0,0
WG_METRICS 174,16,12288,3.9253,0.0074,0.0068,3.8822,0.0128,0.0161,16,12288,196608,393216,50643.9727,101287.9453,0.0000,0,0.0000,0.0000,0,0.0000,0,0.0000,0.0000,0,0.0000,0.0000,0,0,0,0,0,0,0,0,0,0,0,0,0,0,0,0,0,0,0,0,0,0,0,0,0
WG_METRICS 175,16,12288,3.8919,0.0079,0.0074,3.8268,0.0212,0.0285,16,12288,196608,393216,51376.0703,102752.1406,0.0000,0,0.0000,0.0000,0,0.0000,0,0.0000,0.0000,0,0.0000,0.0000,0,0,0,0,0,0,0,0,0,0,0,0,0,0,0,0,0,0,0,0,0,0,0,0,0
WG_METRICS 176,16,12288,3.8683,0.0079,0.0073,3.8128,0.0140,0.0262,16,12288,196608,393216,51565.2539,103130.5078,0.0000,0,0.0000,0.0000,0,0.0000,0,0.0000,0.0000,0,0.0000,0.0000,0,0,0,0,0,0,0,0,0,0,0,0,0,0,0,0,0,0,0,0,0,0,0,0,0
WG_METRICS 177,16,12288,3.9179,0.0079,0.0074,3.8509,0.0213,0.0304,16,12288,196608,393216,51055.3438,102110.6875,0.0000,0,0.0000,0.0000,0,0.0000,0,0.0000,0.0000,0,0.0000,0.0000,0,0,0,0,0,0,0,0,0,0,0,0,0,0,0,0,0,0,0,0,0,0,0,0,0
WG_METRICS 178,16,12288,3.9332,0.0080,0.0074,3.8653,0.0222,0.0303,16,12288,196608,393216,50864.6133,101729.2266,0.0000,0,0.0000,0.0000,0,0.0000,0,0.0000,0.0000,0,0.0000,0.0000,0,0,0,0,0,0,0,0,0,0,0,0,0,0,0,0,0,0,0,0,0,0,0,0,0
WG_METRICS 179,16,12288,3.8964,0.0079,0.0075,3.8300,0.0225,0.0285,16,12288,196608,393216,51333.6836,102667.3672,0.0000,0,0.0000,0.0000,0,0.0000,0,0.0000,0.0000,0,0.0000,0.0000,0,0,0,0,0,0,0,0,0,0,0,0,0,0,0,0,0,0,0,0,0,0,0,0,0
WG_METRICS 180,16,12288,3.8827,0.0079,0.0074,3.8360,0.0136,0.0178,16,12288,196608,393216,51252.8555,102505.7109,0.0000,0,0.0000,0.0000,0,0.0000,0,0.0000,0.0000,0,0.0000,0.0000,0,0,0,0,0,0,0,0,0,0,0,0,0,0,0,0,0,0,0,0,0,0,0,0,0
WG_METRICS 181,16,12288,3.8811,0.0073,0.0070,3.8385,0.0128,0.0155,16,12288,196608,393216,51219.7422,102439.4844,0.0000,0,0.0000,0.0000,0,0.0000,0,0.0000,0.0000,0,0.0000,0.0000,0,0,0,0,0,0,0,0,0,0,0,0,0,0,0,0,0,0,0,0,0,0,0,0,0
WG_METRICS 182,16,12288,3.8771,0.0074,0.0065,3.8337,0.0131,0.0164,16,12288,196608,393216,51284.4062,102568.8125,0.0000,0,0.0000,0.0000,0,0.0000,0,0.0000,0.0000,0,0.0000,0.0000,0,0,0,0,0,0,0,0,0,0,0,0,0,0,0,0,0,0,0,0,0,0,0,0,0
WG_METRICS 183,16,12288,3.8404,0.0074,0.0068,3.7886,0.0206,0.0169,16,12288,196608,393216,51894.6328,103789.2656,0.0000,0,0.0000,0.0000,0,0.0000,0,0.0000,0.0000,0,0.0000,0.0000,0,0,0,0,0,0,0,0,0,0,0,0,0,0,0,0,0,0,0,0,0,0,0,0,0
WG_METRICS 184,16,12288,3.8417,0.0074,0.0068,3.7990,0.0130,0.0156,16,12288,196608,393216,51753.1133,103506.2266,0.0000,0,0.0000,0.0000,0,0.0000,0,0.0000,0.0000,0,0.0000,0.0000,0,0,0,0,0,0,0,0,0,0,0,0,0,0,0,0,0,0,0,0,0,0,0,0,0
WG_METRICS 185,16,12288,3.8845,0.0074,0.0068,3.8396,0.0126,0.0181,16,12288,196608,393216,51205.3320,102410.6641,0.0000,0,0.0000,0.0000,0,0.0000,0,0.0000,0.0000,0,0.0000,0.0000,0,0,0,0,0,0,0,0,0,0,0,0,0,0,0,0,0,0,0,0,0,0,0,0,0
WG_METRICS 186,16,12288,3.8640,0.0074,0.0068,3.8208,0.0132,0.0158,16,12288,196608,393216,51456.7500,102913.5000,0.0000,0,0.0000,0.0000,0,0.0000,0,0.0000,0.0000,0,0.0000,0.0000,0,0,0,0,0,0,0,0,0,0,0,0,0,0,0,0,0,0,0,0,0,0,0,0,0
WG_METRICS 187,16,12288,3.9102,0.0080,0.0073,3.8651,0.0125,0.0173,16,12288,196608,393216,50867.7695,101735.5391,0.0000,0,0.0000,0.0000,0,0.0000,0,0.0000,0.0000,0,0.0000,0.0000,0,0,0,0,0,0,0,0,0,0,0,0,0,0,0,0,0,0,0,0,0,0,0,0,0
WG_METRICS 188,16,12288,3.9404,0.0074,0.0068,3.8887,0.0219,0.0155,16,12288,196608,393216,50558.5391,101117.0781,0.0000,0,0.0000,0.0000,0,0.0000,0,0.0000,0.0000,0,0.0000,0.0000,0,0,0,0,0,0,0,0,0,0,0,0,0,0,0,0,0,0,0,0,0,0,0,0,0
WG_METRICS 189,16,12288,3.9458,0.0074,0.0068,3.8930,0.0220,0.0166,16,12288,196608,393216,50503.4727,101006.9453,0.0000,0,0.0000,0.0000,0,0.0000,0,0.0000,0.0000,0,0.0000,0.0000,0,0,0,0,0,0,0,0,0,0,0,0,0,0,0,0,0,0,0,0,0,0,0,0,0
WG_METRICS 190,16,12288,3.9749,0.0074,0.0068,3.9235,0.0215,0.0156,16,12288,196608,393216,50110.6172,100221.2344,0.0000,0,0.0000,0.0000,0,0.0000,0,0.0000,0.0000,0,0.0000,0.0000,0,0,0,0,0,0,0,0,0,0,0,0,0,0,0,0,0,0,0,0,0,0,0,0,0
WG_METRICS 191,16,12288,3.8513,0.0074,0.0068,3.8085,0.0128,0.0158,16,12288,196608,393216,51623.7461,103247.4922,0.0000,0,0.0000,0.0000,0,0.0000,0,0.0000,0.0000,0,0.0000,0.0000,0,0,0,0,0,0,0,0,0,0,0,0,0,0,0,0,0,0,0,0,0,0,0,0,0
WG_METRICS 192,16,12288,3.9054,0.0073,0.0068,3.8516,0.0224,0.0173,16,12288,196608,393216,51045.8008,102091.6016,0.0000,0,0.0000,0.0000,0,0.0000,0,0.0000,0.0000,0,0.0000,0.0000,0,0,0,0,0,0,0,0,0,0,0,0,0,0,0,0,0,0,0,0,0,0,0,0,0
WG_METRICS 193,16,12288,3.9311,0.0074,0.0068,3.8793,0.0215,0.0160,16,12288,196608,393216,50681.0469,101362.0938,0.0000,0,0.0000,0.0000,0,0.0000,0,0.0000,0.0000,0,0.0000,0.0000,0,0,0,0,0,0,0,0,0,0,0,0,0,0,0,0,0,0,0,0,0,0,0,0,0
WG_METRICS 194,16,12288,3.9025,0.0074,0.0067,3.8510,0.0216,0.0158,16,12288,196608,393216,51053.7500,102107.5000,0.0000,0,0.0000,0.0000,0,0.0000,0,0.0000,0.0000,0,0.0000,0.0000,0,0,0,0,0,0,0,0,0,0,0,0,0,0,0,0,0,0,0,0,0,0,0,0,0
WG_METRICS 195,16,12288,3.9258,0.0074,0.0068,3.8580,0.0370,0.0167,16,12288,196608,393216,50961.6484,101923.2969,0.0000,0,0.0000,0.0000,0,0.0000,0,0.0000,0.0000,0,0.0000,0.0000,0,0,0,0,0,0,0,0,0,0,0,0,0,0,0,0,0,0,0,0,0,0,0,0,0
WG_METRICS 196,16,12288,3.8352,0.0074,0.0062,3.7918,0.0133,0.0165,16,12288,196608,393216,51850.8359,103701.6719,0.0000,0,0.0000,0.0000,0,0.0000,0,0.0000,0.0000,0,0.0000,0.0000,0,0,0,0,0,0,0,0,0,0,0,0,0,0,0,0,0,0,0,0,0,0,0,0,0
WG_METRICS 197,16,12288,3.8752,0.0074,0.0068,3.8238,0.0214,0.0159,16,12288,196608,393216,51417.4531,102834.9062,0.0000,0,0.0000,0.0000,0,0.0000,0,0.0000,0.0000,0,0.0000,0.0000,0,0,0,0,0,0,0,0,0,0,0,0,0,0,0,0,0,0,0,0,0,0,0,0,0
WG_METRICS 198,16,12288,3.8934,0.0074,0.0066,3.8416,0.0219,0.0158,16,12288,196608,393216,51178.1445,102356.2891,0.0000,0,0.0000,0.0000,0,0.0000,0,0.0000,0.0000,0,0.0000,0.0000,0,0,0,0,0,0,0,0,0,0,0,0,0,0,0,0,0,0,0,0,0,0,0,0,0
WG_METRICS 199,16,12288,3.8945,0.0074,0.0068,3.8428,0.0217,0.0159,16,12288,196608,393216,51163.2266,102326.4531,0.0000,0,0.0000,0.0000,0,0.0000,0,0.0000,0.0000,0,0.0000,0.0000,0,0,0,0,0,0,0,0,0,0,0,0,0,0,0,0,0,0,0,0,0,0,0,0,0
WG_METRICS 200,16,12288,3.8907,0.0074,0.0068,3.8382,0.0218,0.0165,16,12288,196608,393216,51224.0117,102448.0234,0.0000,0,0.0000,0.0000,0,0.0000,0,0.0000,0.0000,0,0.0000,0.0000,0,0,0,0,0,0,0,0,0,0,0,0,0,0,0,0,0,0,0,0,0,0,0,0,0
WG_METRICS 201,16,12288,3.8942,0.0079,0.0074,3.8293,0.0220,0.0276,16,12288,196608,393216,51343.3359,102686.6719,0.0000,0,0.0000,0.0000,0,0.0000,0,0.0000,0.0000,0,0.0000,0.0000,0,0,0,0,0,0,0,0,0,0,0,0,0,0,0,0,0,0,0,0,0,0,0,0,0
WG_METRICS 202,16,12288,3.8856,0.0080,0.0074,3.8278,0.0135,0.0290,16,12288,196608,393216,51363.1836,102726.3672,0.0000,0,0.0000,0.0000,0,0.0000,0,0.0000,0.0000,0,0.0000,0.0000,0,0,0,0,0,0,0,0,0,0,0,0,0,0,0,0,0,0,0,0,0,0,0,0,0
WG_METRICS 203,16,12288,3.8954,0.0081,0.0077,3.8370,0.0132,0.0294,16,12288,196608,393216,51240.0312,102480.0625,0.0000,0,0.0000,0.0000,0,0.0000,0,0.0000,0.0000,0,0.0000,0.0000,0,0,0,0,0,0,0,0,0,0,0,0,0,0,0,0,0,0,0,0,0,0,0,0,0
WG_METRICS 204,16,12288,3.9768,0.0080,0.0074,3.9086,0.0238,0.0290,16,12288,196608,393216,50300.8750,100601.7500,0.0000,0,0.0000,0.0000,0,0.0000,0,0.0000,0.0000,0,0.0000,0.0000,0,0,0,0,0,0,0,0,0,0,0,0,0,0,0,0,0,0,0,0,0,0,0,0,0
WG_METRICS 205,16,12288,3.9028,0.0080,0.0074,3.8386,0.0218,0.0270,16,12288,196608,393216,51218.1406,102436.2812,0.0000,0,0.0000,0.0000,0,0.0000,0,0.0000,0.0000,0,0.0000,0.0000,0,0,0,0,0,0,0,0,0,0,0,0,0,0,0,0,0,0,0,0,0,0,0,0,0
WG_METRICS 206,16,12288,3.9110,0.0079,0.0075,3.8449,0.0221,0.0286,16,12288,196608,393216,51134.4844,102268.9688,0.0000,0,0.0000,0.0000,0,0.0000,0,0.0000,0.0000,0,0.0000,0.0000,0,0,0,0,0,0,0,0,0,0,0,0,0,0,0,0,0,0,0,0,0,0,0,0,0
WG_METRICS 207,16,12288,3.9094,0.0080,0.0072,3.8443,0.0214,0.0283,16,12288,196608,393216,51142.4648,102284.9297,0.0000,0,0.0000,0.0000,0,0.0000,0,0.0000,0.0000,0,0.0000,0.0000,0,0,0,0,0,0,0,0,0,0,0,0,0,0,0,0,0,0,0,0,0,0,0,0,0
WG_METRICS 208,16,12288,3.8547,0.0074,0.0068,3.8022,0.0218,0.0166,16,12288,196608,393216,51709.5547,103419.1094,0.0000,0,0.0000,0.0000,0,0.0000,0,0.0000,0.0000,0,0.0000,0.0000,0,0,0,0,0,0,0,0,0,0,0,0,0,0,0,0,0,0,0,0,0,0,0,0,0
WG_METRICS 209,16,12288,3.8695,0.0074,0.0066,3.8178,0.0218,0.0159,16,12288,196608,393216,51498.2617,102996.5234,0.0000,0,0.0000,0.0000,0,0.0000,0,0.0000,0.0000,0,0.0000,0.0000,0,0,0,0,0,0,0,0,0,0,0,0,0,0,0,0,0,0,0,0,0,0,0,0,0
WG_METRICS 210,16,12288,3.8740,0.0074,0.0068,3.8216,0.0214,0.0168,16,12288,196608,393216,51445.9766,102891.9531,0.0000,0,0.0000,0.0000,0,0.0000,0,0.0000,0.0000,0,0.0000,0.0000,0,0,0,0,0,0,0,0,0,0,0,0,0,0,0,0,0,0,0,0,0,0,0,0,0
WG_METRICS 211,16,12288,3.9147,0.0074,0.0068,3.8633,0.0214,0.0159,16,12288,196608,393216,50891.4688,101782.9375,0.0000,0,0.0000,0.0000,0,0.0000,0,0.0000,0.0000,0,0.0000,0.0000,0,0,0,0,0,0,0,0,0,0,0,0,0,0,0,0,0,0,0,0,0,0,0,0,0
WG_METRICS 212,16,12288,3.9040,0.0073,0.0069,3.8522,0.0220,0.0156,16,12288,196608,393216,51037.8477,102075.6953,0.0000,0,0.0000,0.0000,0,0.0000,0,0.0000,0.0000,0,0.0000,0.0000,0,0,0,0,0,0,0,0,0,0,0,0,0,0,0,0,0,0,0,0,0,0,0,0,0
WG_METRICS 213,16,12288,3.9025,0.0074,0.0068,3.8593,0.0130,0.0159,16,12288,196608,393216,50943.6914,101887.3828,0.0000,0,0.0000,0.0000,0,0.0000,0,0.0000,0.0000,0,0.0000,0.0000,0,0,0,0,0,0,0,0,0,0,0,0,0,0,0,0,0,0,0,0,0,0,0,0,0
WG_METRICS 214,16,12288,3.9142,0.0074,0.0069,3.8605,0.0224,0.0170,16,12288,196608,393216,50928.3828,101856.7656,0.0000,0,0.0000,0.0000,0,0.0000,0,0.0000,0.0000,0,0.0000,0.0000,0,0,0,0,0,0,0,0,0,0,0,0,0,0,0,0,0,0,0,0,0,0,0,0,0
WG_METRICS 215,16,12288,3.9258,0.0074,0.0069,3.8830,0.0127,0.0158,16,12288,196608,393216,50633.0156,101266.0312,0.0000,0,0.0000,0.0000,0,0.0000,0,0.0000,0.0000,0,0.0000,0.0000,0,0,0,0,0,0,0,0,0,0,0,0,0,0,0,0,0,0,0,0,0,0,0,0,0
WG_METRICS 216,16,12288,3.8922,0.0073,0.0069,3.8407,0.0217,0.0155,16,12288,196608,393216,51190.4023,102380.8047,0.0000,0,0.0000,0.0000,0,0.0000,0,0.0000,0.0000,0,0.0000,0.0000,0,0,0,0,0,0,0,0,0,0,0,0,0,0,0,0,0,0,0,0,0,0,0,0,0
WG_METRICS 217,16,12288,3.8669,0.0074,0.0066,3.8194,0.0178,0.0156,16,12288,196608,393216,51475.6094,102951.2188,0.0000,0,0.0000,0.0000,0,0.0000,0,0.0000,0.0000,0,0.0000,0.0000,0,0,0,0,0,0,0,0,0,0,0,0,0,0,0,0,0,0,0,0,0,0,0,0,0
WG_METRICS 218,16,12288,3.9164,0.0075,0.0068,3.8605,0.0252,0.0165,16,12288,196608,393216,50927.8555,101855.7109,0.0000,0,0.0000,0.0000,0,0.0000,0,0.0000,0.0000,0,0.0000,0.0000,0,0,0,0,0,0,0,0,0,0,0,0,0,0,0,0,0,0,0,0,0,0,0,0,0
WG_METRICS 219,16,12288,3.8943,0.0074,0.0068,3.8432,0.0213,0.0156,16,12288,196608,393216,51156.8359,102313.6719,0.0000,0,0.0000,0.0000,0,0.0000,0,0.0000,0.0000,0,0.0000,0.0000,0,0,0,0,0,0,0,0,0,0,0,0,0,0,0,0,0,0,0,0,0,0,0,0,0
WG_METRICS 220,16,12288,3.9285,0.0074,0.0068,3.8806,0.0172,0.0164,16,12288,196608,393216,50663.8086,101327.6172,0.0000,0,0.0000,0.0000,0,0.0000,0,0.0000,0.0000,0,0.0000,0.0000,0,0,0,0,0,0,0,0,0,0,0,0,0,0,0,0,0,0,0,0,0,0,0,0,0
WG_METRICS 221,16,12288,3.8673,0.0074,0.0068,3.8248,0.0125,0.0158,16,12288,196608,393216,51403.4727,102806.9453,0.0000,0,0.0000,0.0000,0,0.0000,0,0.0000,0.0000,0,0.0000,0.0000,0,0,0,0,0,0,0,0,0,0,0,0,0,0,0,0,0,0,0,0,0,0,0,0,0
WG_METRICS 222,16,12288,3.9363,0.0079,0.0073,3.8700,0.0238,0.0273,16,12288,196608,393216,50803.1016,101606.2031,0.0000,0,0.0000,0.0000,0,0.0000,0,0.0000,0.0000,0,0.0000,0.0000,0,0,0,0,0,0,0,0,0,0,0,0,0,0,0,0,0,0,0,0,0,0,0,0,0
WG_METRICS 223,16,12288,3.9004,0.0080,0.0074,3.8463,0.0217,0.0169,16,12288,196608,393216,51116.4023,102232.8047,0.0000,0,0.0000,0.0000,0,0.0000,0,0.0000,0.0000,0,0.0000,0.0000,0,0,0,0,0,0,0,0,0,0,0,0,0,0,0,0,0,0,0,0,0,0,0,0,0
WG_METRICS 224,16,12288,3.9254,0.0074,0.0068,3.8827,0.0130,0.0155,16,12288,196608,393216,50636.6680,101273.3359,0.0000,0,0.0000,0.0000,0,0.0000,0,0.0000,0.0000,0,0.0000,0.0000,0,0,0,0,0,0,0,0,0,0,0,0,0,0,0,0,0,0,0,0,0,0,0,0,0
WG_METRICS 225,16,12288,3.8730,0.0074,0.0066,3.8307,0.0126,0.0158,16,12288,196608,393216,51324.0352,102648.0703,0.0000,0,0.0000,0.0000,0,0.0000,0,0.0000,0.0000,0,0.0000,0.0000,0,0,0,0,0,0,0,0,0,0,0,0,0,0,0,0,0,0,0,0,0,0,0,0,0
WG_METRICS 226,16,12288,3.8963,0.0073,0.0069,3.8439,0.0215,0.0167,16,12288,196608,393216,51148.3203,102296.6406,0.0000,0,0.0000,0.0000,0,0.0000,0,0.0000,0.0000,0,0.0000,0.0000,0,0,0,0,0,0,0,0,0,0,0,0,0,0,0,0,0,0,0,0,0,0,0,0,0
WG_METRICS 227,16,12288,3.8926,0.0074,0.0068,3.8419,0.0207,0.0158,16,12288,196608,393216,51174.9453,102349.8906,0.0000,0,0.0000,0.0000,0,0.0000,0,0.0000,0.0000,0,0.0000,0.0000,0,0,0,0,0,0,0,0,0,0,0,0,0,0,0,0,0,0,0,0,0,0,0,0,0
WG_METRICS 228,16,12288,3.8706,0.0075,0.0068,3.8191,0.0217,0.0155,16,12288,196608,393216,51479.9219,102959.8438,0.0000,0,0.0000,0.0000,0,0.0000,0,0.0000,0.0000,0,0.0000,0.0000,0,0,0,0,0,0,0,0,0,0,0,0,0,0,0,0,0,0,0,0,0,0,0,0,0
WG_METRICS 229,16,12288,3.8767,0.0074,0.0066,3.8246,0.0210,0.0170,16,12288,196608,393216,51405.6211,102811.2422,0.0000,0,0.0000,0.0000,0,0.0000,0,0.0000,0.0000,0,0.0000,0.0000,0,0,0,0,0,0,0,0,0,0,0,0,0,0,0,0,0,0,0,0,0,0,0,0,0
WG_METRICS 230,16,12288,3.9769,0.0074,0.0068,3.9265,0.0207,0.0155,16,12288,196608,393216,50071.8164,100143.6328,0.0000,0,0.0000,0.0000,0,0.0000,0,0.0000,0.0000,0,0.0000,0.0000,0,0,0,0,0,0,0,0,0,0,0,0,0,0,0,0,0,0,0,0,0,0,0,0,0
WG_METRICS 231,16,12288,3.9198,0.0074,0.0068,3.8754,0.0130,0.0171,16,12288,196608,393216,50731.7891,101463.5781,0.0000,0,0.0000,0.0000,0,0.0000,0,0.0000,0.0000,0,0.0000,0.0000,0,0,0,0,0,0,0,0,0,0,0,0,0,0,0,0,0,0,0,0,0,0,0,0,0
WG_METRICS 232,16,12288,3.9116,0.0074,0.0066,3.8644,0.0176,0.0155,16,12288,196608,393216,50876.7227,101753.4453,0.0000,0,0.0000,0.0000,0,0.0000,0,0.0000,0.0000,0,0.0000,0.0000,0,0,0,0,0,0,0,0,0,0,0,0,0,0,0,0,0,0,0,0,0,0,0,0,0
WG_METRICS 233,16,12288,3.8622,0.0074,0.0066,3.8100,0.0210,0.0171,16,12288,196608,393216,51603.6914,103207.3828,0.0000,0,0.0000,0.0000,0,0.0000,0,0.0000,0.0000,0,0.0000,0.0000,0,0,0,0,0,0,0,0,0,0,0,0,0,0,0,0,0,0,0,0,0,0,0,0,0
WG_METRICS 234,16,12288,3.8558,0.0074,0.0068,3.8042,0.0218,0.0156,16,12288,196608,393216,51681.8281,103363.6562,0.0000,0,0.0000,0.0000,0,0.0000,0,0.0000,0.0000,0,0.0000,0.0000,0,0,0,0,0,0,0,0,0,0,0,0,0,0,0,0,0,0,0,0,0,0,0,0,0
WG_METRICS 235,16,12288,3.8696,0.0080,0.0074,3.8023,0.0220,0.0298,16,12288,196608,393216,51707.3789,103414.7578,0.0000,0,0.0000,0.0000,0,0.0000,0,0.0000,0.0000,0,0.0000,0.0000,0,0,0,0,0,0,0,0,0,0,0,0,0,0,0,0,0,0,0,0,0,0,0,0,0
WG_METRICS 236,16,12288,3.9383,0.0079,0.0083,3.8643,0.0239,0.0339,16,12288,196608,393216,50877.7734,101755.5469,0.0000,0,0.0000,0.0000,0,0.0000,0,0.0000,0.0000,0,0.0000,0.0000,0,0,0,0,0,0,0,0,0,0,0,0,0,0,0,0,0,0,0,0,0,0,0,0,0
WG_METRICS 237,16,12288,3.9872,0.0079,0.0074,3.9174,0.0227,0.0318,16,12288,196608,393216,50188.3906,100376.7812,0.0000,0,0.0000,0.0000,0,0.0000,0,0.0000,0.0000,0,0.0000,0.0000,0,0,0,0,0,0,0,0,0,0,0,0,0,0,0,0,0,0,0,0,0,0,0,0,0
WG_METRICS 238,16,12288,3.9454,0.0080,0.0073,3.8764,0.0228,0.0310,16,12288,196608,393216,50719.7500,101439.5000,0.0000,0,0.0000,0.0000,0,0.0000,0,0.0000,0.0000,0,0.0000,0.0000,0,0,0,0,0,0,0,0,0,0,0,0,0,0,0,0,0,0,0,0,0,0,0,0,0
WG_METRICS 239,16,12288,3.9578,0.0079,0.0075,3.8914,0.0222,0.0289,16,12288,196608,393216,50523.7188,101047.4375,0.0000,0,0.0000,0.0000,0,0.0000,0,0.0000,0.0000,0,0.0000,0.0000,0,0,0,0,0,0,0,0,0,0,0,0,0,0,0,0,0,0,0,0,0,0,0,0,0
WG_METRICS 240,16,12288,3.8934,0.0074,0.0069,3.8413,0.0218,0.0161,16,12288,196608,393216,51182.9375,102365.8750,0.0000,0,0.0000,0.0000,0,0.0000,0,0.0000,0.0000,0,0.0000,0.0000,0,0,0,0,0,0,0,0,0,0,0,0,0,0,0,0,0,0,0,0,0,0,0,0,0
WG_METRICS 241,16,12288,3.8800,0.0074,0.0068,3.8281,0.0214,0.0163,16,12288,196608,393216,51358.8906,102717.7812,0.0000,0,0.0000,0.0000,0,0.0000,0,0.0000,0.0000,0,0.0000,0.0000,0,0,0,0,0,0,0,0,0,0,0,0,0,0,0,0,0,0,0,0,0,0,0,0,0
WG_METRICS 242,16,12288,3.8966,0.0074,0.0068,3.8446,0.0203,0.0174,16,12288,196608,393216,51139.2734,102278.5469,0.0000,0,0.0000,0.0000,0,0.0000,0,0.0000,0.0000,0,0.0000,0.0000,0,0,0,0,0,0,0,0,0,0,0,0,0,0,0,0,0,0,0,0,0,0,0,0,0
WG_METRICS 243,16,12288,3.8657,0.0074,0.0069,3.8232,0.0124,0.0157,16,12288,196608,393216,51424.4453,102848.8906,0.0000,0,0.0000,0.0000,0,0.0000,0,0.0000,0.0000,0,0.0000,0.0000,0,0,0,0,0,0,0,0,0,0,0,0,0,0,0,0,0,0,0,0,0,0,0,0,0
WG_METRICS 244,16,12288,3.8800,0.0074,0.0068,3.8364,0.0130,0.0163,16,12288,196608,393216,51247.5078,102495.0156,0.0000,0,0.0000,0.0000,0,0.0000,0,0.0000,0.0000,0,0.0000,0.0000,0,0,0,0,0,0,0,0,0,0,0,0,0,0,0,0,0,0,0,0,0,0,0,0,0
WG_METRICS 245,16,12288,3.8801,0.0074,0.0069,3.8364,0.0126,0.0169,16,12288,196608,393216,51248.0430,102496.0859,0.0000,0,0.0000,0.0000,0,0.0000,0,0.0000,0.0000,0,0.0000,0.0000,0,0,0,0,0,0,0,0,0,0,0,0,0,0,0,0,0,0,0,0,0,0,0,0,0
WG_METRICS 246,16,12288,3.8477,0.0074,0.0069,3.8044,0.0134,0.0157,16,12288,196608,393216,51679.6523,103359.3047,0.0000,0,0.0000,0.0000,0,0.0000,0,0.0000,0.0000,0,0.0000,0.0000,0,0,0,0,0,0,0,0,0,0,0,0,0,0,0,0,0,0,0,0,0,0,0,0,0
WG_METRICS 247,16,12288,3.9068,0.0074,0.0069,3.8560,0.0204,0.0161,16,12288,196608,393216,50987.0234,101974.0469,0.0000,0,0.0000,0.0000,0,0.0000,0,0.0000,0.0000,0,0.0000,0.0000,0,0,0,0,0,0,0,0,0,0,0,0,0,0,0,0,0,0,0,0,0,0,0,0,0
WG_METRICS 248,16,12288,3.8463,0.0075,0.0068,3.8071,0.0086,0.0164,16,12288,196608,393216,51642.7266,103285.4531,0.0000,0,0.0000,0.0000,0,0.0000,0,0.0000,0.0000,0,0.0000,0.0000,0,0,0,0,0,0,0,0,0,0,0,0,0,0,0,0,0,0,0,0,0,0,0,0,0
WG_METRICS 249,16,12288,3.8886,0.0074,0.0068,3.8460,0.0124,0.0159,16,12288,196608,393216,51119.5938,102239.1875,0.0000,0,0.0000,0.0000,0,0.0000,0,0.0000,0.0000,0,0.0000,0.0000,0,0,0,0,0,0,0,0,0,0,0,0,0,0,0,0,0,0,0,0,0,0,0,0,0
WG_METRICS 250,16,12288,3.8936,0.0074,0.0066,3.8402,0.0225,0.0170,16,12288,196608,393216,51197.8672,102395.7344,0.0000,0,0.0000,0.0000,0,0.0000,0,0.0000,0.0000,0,0.0000,0.0000,0,0,0,0,0,0,0,0,0,0,0,0,0,0,0,0,0,0,0,0,0,0,0,0,0
WG_METRICS 251,16,12288,3.8057,0.0074,0.0068,3.7618,0.0130,0.0167,16,12288,196608,393216,52263.7852,104527.5703,0.0000,0,0.0000,0.0000,0,0.0000,0,0.0000,0.0000,0,0.0000,0.0000,0,0,0,0,0,0,0,0,0,0,0,0,0,0,0,0,0,0,0,0,0,0,0,0,0
WG_METRICS 252,16,12288,3.8852,0.0075,0.0068,3.8340,0.0213,0.0157,16,12288,196608,393216,51279.5898,102559.1797,0.0000,0,0.0000,0.0000,0,0.0000,0,0.0000,0.0000,0,0.0000,0.0000,0,0,0,0,0,0,0,0,0,0,0,0,0,0,0,0,0,0,0,0,0,0,0,0,0
WG_METRICS 253,16,12288,3.9029,0.0074,0.0068,3.8509,0.0210,0.0168,16,12288,196608,393216,51055.3438,102110.6875,0.0000,0,0.0000,0.0000,0,0.0000,0,0.0000,0.0000,0,0.0000,0.0000,0,0,0,0,0,0,0,0,0,0,0,0,0,0,0,0,0,0,0,0,0,0,0,0,0
WG_METRICS 254,16,12288,3.9008,0.0074,0.0068,3.8558,0.0138,0.0170,16,12288,196608,393216,50990.7227,101981.4453,0.0000,0,0.0000,0.0000,0,0.0000,0,0.0000,0.0000,0,0.0000,0.0000,0,0,0,0,0,0,0,0,0,0,0,0,0,0,0,0,0,0,0,0,0,0,0,0,0
WG_METRICS 255,16,12288,3.9174,0.0074,0.0068,3.8742,0.0128,0.0162,16,12288,196608,393216,50748.0234,101496.0469,0.0000,0,0.0000,0.0000,0,0.0000,0,0.0000,0.0000,0,0.0000,0.0000,0,0,0,0,0,0,0,0,0,0,0,0,0,0,0,0,0,0,0,0,0,0,0,0,0
WG_METRICS 256,16,12288,3.8843,0.0074,0.0068,3.8326,0.0215,0.0160,16,12288,196608,393216,51299.3906,102598.7812,0.0000,0,0.0000,0.0000,0,0.0000,0,0.0000,0.0000,0,0.0000,0.0000,0,0,0,0,0,0,0,0,0,0,0,0,0,0,0,0,0,0,0,0,0,0,0,0,0
WG_METRICS 257,16,12288,3.8741,0.0074,0.0068,3.8317,0.0128,0.0154,16,12288,196608,393216,51311.1719,102622.3438,0.0000,0,0.0000,0.0000,0,0.0000,0,0.0000,0.0000,0,0.0000,0.0000,0,0,0,0,0,0,0,0,0,0,0,0,0,0,0,0,0,0,0,0,0,0,0,0,0
WG_METRICS 258,16,12288,3.9294,0.0079,0.0074,3.8694,0.0148,0.0298,16,12288,196608,393216,50810.4531,101620.9062,0.0000,0,0.0000,0.0000,0,0.0000,0,0.0000,0.0000,0,0.0000,0.0000,0,0,0,0,0,0,0,0,0,0,0,0,0,0,0,0,0,0,0,0,0,0,0,0,0
WG_METRICS 259,16,12288,3.8990,0.0080,0.0074,3.8419,0.0144,0.0273,16,12288,196608,393216,51174.4141,102348.8281,0.0000,0,0.0000,0.0000,0,0.0000,0,0.0000,0.0000,0,0.0000,0.0000,0,0,0,0,0,0,0,0,0,0,0,0,0,0,0,0,0,0,0,0,0,0,0,0,0
WG_METRICS 260,16,12288,3.8949,0.0080,0.0074,3.8302,0.0224,0.0269,16,12288,196608,393216,51331.5391,102663.0781,0.0000,0,0.0000,0.0000,0,0.0000,0,0.0000,0.0000,0,0.0000,0.0000,0,0,0,0,0,0,0,0,0,0,0,0,0,0,0,0,0,0,0,0,0,0,0,0,0
WG_METRICS 261,16,12288,3.9576,0.0082,0.0077,3.8961,0.0136,0.0320,16,12288,196608,393216,50463.0273,100926.0547,0.0000,0,0.0000,0.0000,0,0.0000,0,0.0000,0.0000,0,0.0000,0.0000,0,0,0,0,0,0,0,0,0,0,0,0,0,0,0,0,0,0,0,0,0,0,0,0,0
WG_METRICS 262,16,12288,3.8510,0.0079,0.0072,3.7926,0.0154,0.0279,16,12288,196608,393216,51839.8984,103679.7969,0.0000,0,0.0000,0.0000,0,0.0000,0,0.0000,0.0000,0,0.0000,0.0000,0,0,0,0,0,0,0,0,0,0,0,0,0,0,0,0,0,0,0,0,0,0,0,0,0
WG_METRICS 263,16,12288,3.9321,0.0080,0.0075,3.8665,0.0226,0.0275,16,12288,196608,393216,50849.3516,101698.7031,0.0000,0,0.0000,0.0000,0,0.0000,0,0.0000,0.0000,0,0.0000,0.0000,0,0,0,0,0,0,0,0,0,0,0,0,0,0,0,0,0,0,0,0,0,0,0,0,0
WG_METRICS 264,16,12288,3.8899,0.0080,0.0074,3.8294,0.0134,0.0317,16,12288,196608,393216,51341.7227,102683.4453,0.0000,0,0.0000,0.0000,0,0.0000,0,0.0000,0.0000,0,0.0000,0.0000,0,0,0,0,0,0,0,0,0,0,0,0,0,0,0,0,0,0,0,0,0,0,0,0,0
WG_METRICS 265,16,12288,3.9154,0.0083,0.0102,3.8540,0.0130,0.0298,16,12288,196608,393216,51013.4844,102026.9688,0.0000,0,0.0000,0.0000,0,0.0000,0,0.0000,0.0000,0,0.0000,0.0000,0,0,0,0,0,0,0,0,0,0,0,0,0,0,0,0,0,0,0,0,0,0,0,0,0
WG_METRICS 266,16,12288,3.8796,0.0079,0.0074,3.8214,0.0143,0.0285,16,12288,196608,393216,51449.2070,102898.4141,0.0000,0,0.0000,0.0000,0,0.0000,0,0.0000,0.0000,0,0.0000,0.0000,0,0,0,0,0,0,0,0,0,0,0,0,0,0,0,0,0,0,0,0,0,0,0,0,0
WG_METRICS 267,16,12288,3.8372,0.0080,0.0074,3.7688,0.0222,0.0308,16,12288,196608,393216,52167.2695,104334.5391,0.0000,0,0.0000,0.0000,0,0.0000,0,0.0000,0.0000,0,0.0000,0.0000,0,0,0,0,0,0,0,0,0,0,0,0,0,0,0,0,0,0,0,0,0,0,0,0,0
WG_METRICS 268,16,12288,3.7967,0.0079,0.0074,3.7349,0.0183,0.0282,16,12288,196608,393216,52641.0508,105282.1016,0.0000,0,0.0000,0.0000,0,0.0000,0,0.0000,0.0000,0,0.0000,0.0000,0,0,0,0,0,0,0,0,0,0,0,0,0,0,0,0,0,0,0,0,0,0,0,0,0
WG_METRICS 269,16,12288,3.8744,0.0080,0.0073,3.8150,0.0150,0.0290,16,12288,196608,393216,51534.9766,103069.9531,0.0000,0,0.0000,0.0000,0,0.0000,0,0.0000,0.0000,0,0.0000,0.0000,0,0,0,0,0,0,0,0,0,0,0,0,0,0,0,0,0,0,0,0,0,0,0,0,0
WG_METRICS 270,16,12288,3.8828,0.0074,0.0068,3.8296,0.0219,0.0170,16,12288,196608,393216,51338.5078,102677.0156,0.0000,0,0.0000,0.0000,0,0.0000,0,0.0000,0.0000,0,0.0000,0.0000,0,0,0,0,0,0,0,0,0,0,0,0,0,0,0,0,0,0,0,0,0,0,0,0,0
WG_METRICS 271,16,12288,3.9523,0.0074,0.0068,3.9005,0.0216,0.0159,16,12288,196608,393216,50405.5859,100811.1719,0.0000,0,0.0000,0.0000,0,0.0000,0,0.0000,0.0000,0,0.0000,0.0000,0,0,0,0,0,0,0,0,0,0,0,0,0,0,0,0,0,0,0,0,0,0,0,0,0
WG_METRICS 272,16,12288,3.8154,0.0074,0.0068,3.7638,0.0215,0.0158,16,12288,196608,393216,52236.0156,104472.0312,0.0000,0,0.0000,0.0000,0,0.0000,0,0.0000,0.0000,0,0.0000,0.0000,0,0,0,0,0,0,0,0,0,0,0,0,0,0,0,0,0,0,0,0,0,0,0,0,0
WG_METRICS 273,16,12288,3.8697,0.0074,0.0066,3.8266,0.0126,0.0165,16,12288,196608,393216,51379.2930,102758.5859,0.0000,0,0.0000,0.0000,0,0.0000,0,0.0000,0.0000,0,0.0000,0.0000,0,0,0,0,0,0,0,0,0,0,0,0,0,0,0,0,0,0,0,0,0,0,0,0,0
WG_METRICS 274,16,12288,3.8693,0.0074,0.0062,3.8166,0.0224,0.0167,16,12288,196608,393216,51514.4531,103028.9062,0.0000,0,0.0000,0.0000,0,0.0000,0,0.0000,0.0000,0,0.0000,0.0000,0,0,0,0,0,0,0,0,0,0,0,0,0,0,0,0,0,0,0,0,0,0,0,0,0
WG_METRICS 275,16,12288,3.9433,0.0074,0.0068,3.8922,0.0212,0.0156,16,12288,196608,393216,50512.8164,101025.6328,0.0000,0,0.0000,0.0000,0,0.0000,0,0.0000,0.0000,0,0.0000,0.0000,0,0,0,0,0,0,0,0,0,0,0,0,0,0,0,0,0,0,0,0,0,0,0,0,0
WG_METRICS 276,16,12288,3.8718,0.0074,0.0062,3.8201,0.0219,0.0162,16,12288,196608,393216,51466.9844,102933.9688,0.0000,0,0.0000,0.0000,0,0.0000,0,0.0000,0.0000,0,0.0000,0.0000,0,0,0,0,0,0,0,0,0,0,0,0,0,0,0,0,0,0,0,0,0,0,0,0,0
WG_METRICS 277,16,12288,3.9313,0.0074,0.0068,3.8888,0.0125,0.0158,16,12288,196608,393216,50558.0156,101116.0312,0.0000,0,0.0000,0.0000,0,0.0000,0,0.0000,0.0000,0,0.0000,0.0000,0,0,0,0,0,0,0,0,0,0,0,0,0,0,0,0,0,0,0,0,0,0,0,0,0
WG_METRICS 278,16,12288,3.9112,0.0074,0.0068,3.8682,0.0126,0.0162,16,12288,196608,393216,50826.7422,101653.4844,0.0000,0,0.0000,0.0000,0,0.0000,0,0.0000,0.0000,0,0.0000,0.0000,0,0,0,0,0,0,0,0,0,0,0,0,0,0,0,0,0,0,0,0,0,0,0,0,0
WG_METRICS 279,16,12288,3.8816,0.0075,0.0068,3.8295,0.0214,0.0164,16,12288,196608,393216,51340.1172,102680.2344,0.0000,0,0.0000,0.0000,0,0.0000,0,0.0000,0.0000,0,0.0000,0.0000,0,0,0,0,0,0,0,0,0,0,0,0,0,0,0,0,0,0,0,0,0,0,0,0,0
WG_METRICS 280,16,12288,3.8924,0.0074,0.0063,3.8409,0.0221,0.0157,16,12288,196608,393216,51187.7383,102375.4766,0.0000,0,0.0000,0.0000,0,0.0000,0,0.0000,0.0000,0,0.0000,0.0000,0,0,0,0,0,0,0,0,0,0,0,0,0,0,0,0,0,0,0,0,0,0,0,0,0
